Code Site,Niveau,Période du,Période au,Code destination,Destination de Stock,Code comptable marché,Marché,Lot,Code interne produit,Produit,Unité de stock,Compté en Inventaire Final,Compté en Inventaire Initial,Stock initial qté,Stock initial total,Achats qté,Achats total,Stock final qté,Stock final total,Conso réelle qté,Conso réelle prix UHT,Conso réelle total,Consommation Offerts Qté,Consommation Offerts Total,Consommation Personnel Qté,Consommation Personnel Total,Consommation Ventes Qté,Consommation Ventes Total,Conso Théorique Qté,Conso Théorique Total,Pertes Qté,Pertes Total,tranfert out  Qté,tranfert out  Total,Autres démarques qté,Autres démarques total,écart d'inventaire Qté,écart d'inventaire Total,écart d'inventaire Efficacité,Usage / 1000
29395,BK Orange Sud,29/09/2025 00:00:00,05/10/2025 00:00:00,13,Reserve entretien,FGX,ENTRETIEN,ENTRETIEN,G000599,ACTIGEL - GEL HYDROALCOOLIQUE,au L,#,#,8,31.2168,0,0,5.6,21.85176,2.4,3.9021,9.36504,,,,,,,0,0,,,,,0,0,2.4,9.36504,0,0.03
29395,BK Orange Sud,29/09/2025 00:00:00,05/10/2025 00:00:00,14,Réserve sèche,FGX,PAPER,GOBELET & COUVERCLE,G000233,AGITATEUR / SPATULE EN BOIS,pièce,#,#,2000,6.4,0,0,2000,6.4,0,0,0,6,0.0192,13,0.0416,100,0.32,119,0.3808,,,,,0,0,-119,-0.3808,0,0
29395,BK Orange Sud,29/09/2025 00:00:00,05/10/2025 00:00:00,14,Réserve sèche,FGX,PAPER,GOBELET & COUVERCLE,G000364,ASSIETTE,pièce,,,2800,81.76,0,0,2800,81.76,0,0,0,,,,,,,0,0,,,,,0,0,0,0,0,0
29395,BK Orange Sud,29/09/2025 00:00:00,05/10/2025 00:00:00,11,Chambre froide négative,SOLIDE,FOOD,INGR SALADE&SANDWICH,G000469,BACON PEPITES,au Kg,#,#,22,252.2652,12,137.6004,16,183.4656,18,11.4666666666667,206.4,0.06,0.687996,0.14,1.605324,14.09,161.564394,14.29,163.857714,0.36,4.12800984,,,0.36,4.12800984,3.35,38.41311,125.962211336599,0.25
29395,BK Orange Sud,29/09/2025 00:00:00,05/10/2025 00:00:00,11,Chambre froide négative,SOLIDE,FOOD,INGR SALADE&SANDWICH,G000003,BACON TRANCHE,pièce,#,#,4161.5,216.398,17220,895.44,10403.75,540.995,10977.75,0.052,570.843,90,4.68,82,4.264,10315,536.38,10487,545.324,480.05,24.9626,,,480.05,24.9626,10.7,0.5564,104.679603318394,149.68
29395,BK Orange Sud,29/09/2025 00:00:00,05/10/2025 00:00:00,11,Chambre froide négative,SOLIDE,FOOD,INGR SALADE&SANDWICH,G000691,BACON VEGGIE,pièce,#,#,2725,158.3225,0,0,1800,104.58,925,0.0581,53.7425,,,6,0.3486,486,28.2366,492,28.5852,166,9.6446,,,166,9.6446,267,15.5127,188.008130081301,12.61
29395,BK Orange Sud,29/09/2025 00:00:00,05/10/2025 00:00:00,13,Reserve entretien,FGX,PETITE FOURNITURE,PETITE FOURNITURE,G000004,BADGE EQUIPIER,pièce,,,60,57.702,0,0,60,57.702,0,0,0,,,,,,,0,0,,,,,0,0,0,0,0,0
29395,BK Orange Sud,29/09/2025 00:00:00,05/10/2025 00:00:00,13,Reserve entretien,FGX,ENTRETIEN,ENTRETIEN,G000234,BALAYETTE NOIRE SALLE MARIASET,pièce,,,12,49.08,0,0,12,49.08,0,0,0,,,,,,,0,0,,,,,0,0,0,0,0,0
29395,BK Orange Sud,29/09/2025 00:00:00,05/10/2025 00:00:00,14,Réserve sèche,FGX,PAPER,EMBALLAGE,G000158,BOITE FINGERS / KINGBOX,pièce,#,,,,450,40.095,600,53.46,-150,0.0891,-13.365,5,0.4455,2,0.1782,123,10.9593,130,11.583,1,0.0891,,,1,0.0891,-281,-25.0371,-115.384615384615,-2.05
29395,BK Orange Sud,29/09/2025 00:00:00,05/10/2025 00:00:00,14,Réserve sèche,FGX,PAPER,EMBALLAGE,G000470,BOITE KING FRIES,pièce,#,#,1200,82.68,1280,88.192,1120,77.168,1360,0.0689,93.704,12,0.8268,22,1.5158,2152,148.2728,2186,150.6154,1,0.0689,,,1,0.0689,-827,-56.9803,62.2140896614822,18.54
29395,BK Orange Sud,29/09/2025 00:00:00,05/10/2025 00:00:00,14,Réserve sèche,FGX,PAPER,EMBALLAGE,G000951,BOITE NUGGETS OPE 1ER AVRIL,pièce,,,59,12.3841,0,0,59,12.3841,0,0,0,,,,,,,0,0,,,,,0,0,0,0,0,0
29395,BK Orange Sud,29/09/2025 00:00:00,05/10/2025 00:00:00,12,Chambre froide positive,SOLIDE,FOOD,POISSON,G000957,BOITE PLATINE OPE 1ER AVRIL,pièce,,,6,21.9,0,0,6,21.9,0,0,0,,,,,,,0,0,,,,,0,0,0,0,0,0
29395,BK Orange Sud,29/09/2025 00:00:00,05/10/2025 00:00:00,14,Réserve sèche,FGX,PAPER,EMBALLAGE,G000999,BOITE X10P - KRISPPER TENDERS         ,pièce,#,#,240,40.632,0,0,160,27.088,80,0.1693,13.544,,,,,84,14.2212,84,14.2212,,,,,0,0,-4,-0.6772,95.2380952380952,1.09
29395,BK Orange Sud,29/09/2025 00:00:00,05/10/2025 00:00:00,14,Réserve sèche,FGX,PAPER,EMBALLAGE,G000983,BOITE X3P - BABY BURGERS,pièce,#,#,600,119.58,0,0,360,71.748,240,0.1993,47.832,,,5,0.9965,362,72.1466,367,73.1431,1,0.1993,,,1,0.1993,-128,-25.5104,65.3950953678474,3.27
29395,BK Orange Sud,29/09/2025 00:00:00,05/10/2025 00:00:00,14,Réserve sèche,FGX,PAPER,EMBALLAGE,G000998,BOITE X5P - KRISPPER TENDERS ,pièce,#,#,1440,164.016,0,0,1080,123.012,360,0.1139,41.004,,,2,0.2278,308,35.0812,310,35.309,,,,,0,0,50,5.695,116.129032258065,4.91
29395,BK Orange Sud,29/09/2025 00:00:00,05/10/2025 00:00:00,14,Réserve sèche,FGX,PAPER,EMBALLAGE,G000984,BOITE X9P - BABY BURGERS,pièce,#,#,30,10.365,60,20.73,60,20.73,30,0.3455,10.365,,,,,29.058,10.039539,29.058,10.039539,,,,,0,0,0.942,0.325461,103.241792277514,0.41
29395,BK Orange Sud,29/09/2025 00:00:00,05/10/2025 00:00:00,14,Réserve sèche,FGX,REEMPLOYABLE,REEMPLOYABLE,G000821,BOL COURONNE REEMP SNACK,pièce,,,430,173.419,0,0,100,40.33,330,0.4033,133.089,,,,,,,0,0,,,,,0,0,330,133.089,0,4.5
29395,BK Orange Sud,29/09/2025 00:00:00,05/10/2025 00:00:00,14,Réserve sèche,FGX,REEMPLOYABLE,REEMPLOYABLE,G000708,BOL REEMP KING BOX,pièce,,,240,338.592,0,0,240,338.592,0,0,0,,,,,,,0,0,,,,,0,0,0,0,0,0
29395,BK Orange Sud,29/09/2025 00:00:00,05/10/2025 00:00:00,14,Réserve sèche,FGX,REEMPLOYABLE,REEMPLOYABLE,G000705,BOL REEMP SALADE GRAND,pièce,,,20,28.83,0,0,20,28.83,0,0,0,,,,,,,0,0,,,,,0,0,0,0,0,0
29395,BK Orange Sud,29/09/2025 00:00:00,05/10/2025 00:00:00,14,Réserve sèche,FGX,PAPER,GOBELET & COUVERCLE,G000216,BOL SALADE GRAND,pièce,#,,249,33.6897,0,0,300,40.59,-51,0.1353,-6.9003,,,,,51,6.9003,51,6.9003,2,0.2706,,,2,0.2706,-104,-14.0712,-100,-0.7
29395,BK Orange Sud,29/09/2025 00:00:00,05/10/2025 00:00:00,14,Réserve sèche,FGX,PAPER,GOBELET & COUVERCLE,G000223,BOL SALADE PETIT,pièce,#,,211,21.4587,0,0,150,15.255,61,0.1017,6.2037,,,1,0.1017,96,9.7632,97,9.8649,,,,,0,0,-36,-3.6612,62.8865979381443,0.83
29395,BK Orange Sud,29/09/2025 00:00:00,05/10/2025 00:00:00,13,Reserve entretien,FGX,ENTRETIEN,ENTRETIEN,G000015,BROSSE A BALAI 300MM BLEUE,pièce,,,1,15,0,0,1,15,0,0,0,,,,,,,0,0,,,,,0,0,0,0,0,0
29395,BK Orange Sud,29/09/2025 00:00:00,05/10/2025 00:00:00,13,Reserve entretien,FGX,ENTRETIEN,ENTRETIEN,G000008,BROSSE A BALAI ROUGE,pièce,,,2,25.55,0,0,2,25.55,0,0,0,,,,,,,0,0,,,,,0,0,0,0,0,0
29395,BK Orange Sud,29/09/2025 00:00:00,05/10/2025 00:00:00,13,Reserve entretien,FGX,ENTRETIEN,ENTRETIEN,G000016,BROSSE A ONGLE ROUGE,pièce,,,24,13.932,0,0,24,13.932,0,0,0,,,,,,,0,0,,,,,0,0,0,0,0,0
29395,BK Orange Sud,29/09/2025 00:00:00,05/10/2025 00:00:00,13,Reserve entretien,FGX,ENTRETIEN,ENTRETIEN,G000238,BROSSE DOUBLE FRITEUSE,pièce,,,1,22.6667,0,0,1,22.6667,0,0,0,,,,,,,0,0,,,,,0,0,0,0,0,0
29395,BK Orange Sud,29/09/2025 00:00:00,05/10/2025 00:00:00,13,Reserve entretien,FGX,ENTRETIEN,ENTRETIEN,G000526,BROSSE FLEXIBLE SOUPLE 530MM BLEUE,pièce,,,1,17.15,0,0,1,17.15,0,0,0,,,,,,,0,0,,,,,0,0,0,0,0,0
29395,BK Orange Sud,29/09/2025 00:00:00,05/10/2025 00:00:00,13,Reserve entretien,FGX,ENTRETIEN,ENTRETIEN,G000551,BROSSE RONDE ROUGE PLONGE 165MM,pièce,,,1,5.195,0,0,1,5.195,0,0,0,,,,,,,0,0,,,,,0,0,0,0,0,0
29395,BK Orange Sud,29/09/2025 00:00:00,05/10/2025 00:00:00,13,Reserve entretien,FGX,ENTRETIEN,ENTRETIEN,G000338,BROSSE ROUGE 165MM PLONGE MANCHE COURT,pièce,,,1,0,0,0,1,0,0,0,0,,,,,,,0,0,,,,,0,0,0,0,0,0
29395,BK Orange Sud,29/09/2025 00:00:00,05/10/2025 00:00:00,13,Reserve entretien,FGX,ENTRETIEN,ENTRETIEN,G000241,BROSSE WC JAUNE,pièce,,,1,3.51,0,0,1,3.51,0,0,0,,,,,,,0,0,,,,,0,0,0,0,0,0
29395,BK Orange Sud,29/09/2025 00:00:00,05/10/2025 00:00:00,11,Chambre froide négative,SOLIDE,FOOD,BUN,G000119,BUN 4 (HAMBURGER) / SURG & FRAIS,pièce,#,#,930,138.105,1800,266.4594,405,59.9805,2325,0.148208129032258,344.5839,52,7.711756,36,5.339376,1901,281.906894,1989,294.958026,56,8.30956,,,56,8.30956,280,41.468,116.892911010558,31.7
29395,BK Orange Sud,29/09/2025 00:00:00,05/10/2025 00:00:00,11,Chambre froide négative,SOLIDE,FOOD,BUN,G000523,BUN 4.5 (SHINY BRIOCHE) / SURG,pièce,#,#,1415,411.765,1800,523.656,1216,353.856,1999,0.290927963981991,581.565,,,5,1.455,1450,421.95,1455,423.405,92,26.772,,,92,26.772,452,131.532,137.388316151203,27.26
29395,BK Orange Sud,29/09/2025 00:00:00,05/10/2025 00:00:00,11,Chambre froide négative,SOLIDE,FOOD,BUN,G000290,BUN 4.5 (STEAKHOUSE) / SURG & FRAIS,pièce,#,#,790,160.212,1560,315.78768,1000,202.5,1350,0.202592355555556,273.49968,17,3.444387,9,1.823193,1244,252.082916,1270,257.350496,12,2.4327,,,12,2.4327,68,13.77,106.299212598425,18.41
29395,BK Orange Sud,29/09/2025 00:00:00,05/10/2025 00:00:00,11,Chambre froide négative,SOLIDE,FOOD,BUN,G000120,BUN 5 (WHOPPER) / SURG & FRAIS,pièce,#,#,620,149.73,1160,279.4672,845,203.645,935,0.241232299465241,225.5522,2,0.483,8,1.9304,885,213.50802,895,215.92142,17,4.101488,,,17,4.101488,23,5.543,104.469273743017,12.75
29395,BK Orange Sud,29/09/2025 00:00:00,05/10/2025 00:00:00,11,Chambre froide négative,SOLIDE,FOOD,BUN,G000973,BUN MINI - BABY BURGERS,pièce,#,#,1206,256.275,720,148.608,438,91.1916,1488,0.210814112903226,313.6914,,,15,3.1746,1347,283.952988,1362,287.127588,39,8.261682,,,39,8.261682,87,18.1134,109.251101321586,20.29
29395,BK Orange Sud,29/09/2025 00:00:00,05/10/2025 00:00:00,13,Reserve entretien,FGX,ENTRETIEN,ENTRETIEN,G000689,CACHE BARBE,pièce,#,,1000,35.4,0,0,1000,35.4,0,0,0,,,,,,,0,0,,,,,0,0,0,0,0,0
29395,BK Orange Sud,29/09/2025 00:00:00,05/10/2025 00:00:00,14,Réserve sèche,LIQUIDE,BOISSON,BOISSON,G000201,CAFE GRAIN,au Kg,#,,6.624,86.112,0,0,3,39,3.62,13.014364640884,47.112,0.044,0.572,0.119,1.547,0.95,12.35,1.113,14.469,,,,,0,0,2.507,32.643,325.247079964061,0.05
29395,BK Orange Sud,29/09/2025 00:00:00,05/10/2025 00:00:00,14,Réserve sèche,FGX,MARKETING,MARKETING,G000947,CASQUETTE EQUIPIERS - NINHO,pièce,,,60,139.278,0,0,60,139.278,0,0,0,,,,,,,0,0,,,,,0,0,0,0,0,0
29395,BK Orange Sud,29/09/2025 00:00:00,05/10/2025 00:00:00,13,Reserve entretien,FGX,ENTRETIEN,ENTRETIEN,G000285,CHARGE HEAVY DUTY DEGREASER -DEGRAISSANT EXTERIEUR,au Kg,#,#,18.28,31.110732,0,0,9.14,15.555366,9.14,1.7019,15.555366,,,,,,,0,0,,,,,0,0,9.14,15.555366,0,0.12
29395,BK Orange Sud,29/09/2025 00:00:00,05/10/2025 00:00:00,13,Reserve entretien,FGX,ENTRETIEN,ENTRETIEN,G000190,CHARLOTTE CHEVEUX,pièce,#,#,1250,29.875,0,0,1000,23.9,250,0.0239,5.975,,,,,,,0,0,,,,,0,0,250,5.975,0,3.41
29395,BK Orange Sud,29/09/2025 00:00:00,05/10/2025 00:00:00,11,Chambre froide négative,SOLIDE,FOOD,SNACK & FRITE,G000025,CHILI CHEESE NUGGETS,pièce,#,#,1025,95.8375,2700,242.0091,1450,129.92,2275,0.0913963076923077,207.9266,210,19.13058,6,0.5376,2084,190.481768,2300,210.149948,42,3.903564,,,42,3.903564,-67,-6.0032,98.9130434782609,31.02
29395,BK Orange Sud,29/09/2025 00:00:00,05/10/2025 00:00:00,14,Réserve sèche,LIQUIDE,BOISSON,BOISSON,G000026,CHOCOLAT EN POUDRE,au Kg,#,#,6,36.87,0,0,6,36.87,0,0,0,,,,,0.092,0.56534,0.092,0.56534,,,,,0,0,-0.092,-0.56534,0,0
29395,BK Orange Sud,29/09/2025 00:00:00,05/10/2025 00:00:00,15,Réserves boissons,LIQUIDE,BOISSON,BOISSON,G000992,COCA CHERRY SANS SUCRE - BIB,au L,#,#,43,177.2718,38,134.2616,39.2,148.35632,41.8,3.90375789473684,163.17708,,,0.166,0.659340878,40.412,157.134100836,40.578,157.793441714,,,,,0,0,1.222,4.6247812,103.011484055399,0.57
29395,BK Orange Sud,29/09/2025 00:00:00,05/10/2025 00:00:00,15,Réserves boissons,LIQUIDE,BOISSON,BOISSON,G000204,COCA COLA - BIB,au L,#,#,152.5,454.206,76,193.9976,143,401.8443,85.5,2.88139532163743,246.3593,,,1.812,5.222667804,87.066,249.5355093,88.878,254.758177104,,,,,0,0,-3.378,-9.4925178,96.1992844123405,1.17
29395,BK Orange Sud,29/09/2025 00:00:00,05/10/2025 00:00:00,15,Réserves boissons,LIQUIDE,BOISSON,BOISSON,G000192,COCA SANS SUCRE  - BIB,au L,#,#,43,152.1297,38,115.2198,48.7,158.65486,32.3,3.36515913312694,108.69464,,,0.308,1.029171836,28.221,94.74720993,28.529,95.776381766,,,,,0,0,3.771,12.2851638,113.218128921448,0.44
29395,BK Orange Sud,29/09/2025 00:00:00,05/10/2025 00:00:00,13,Reserve entretien,FGX,ENTRETIEN,ENTRETIEN,G000623,COLLIER ENTRETIEN,pièce,,,10,10.4,0,0,10,10.4,0,0,0,,,,,,,0,0,,,,,0,0,0,0,0,0
29395,BK Orange Sud,29/09/2025 00:00:00,05/10/2025 00:00:00,11,Chambre froide négative,SOLIDE,FOOD,DESSERT,G000630,COOKIE CHOCOLATS,pièce,#,#,46,20.4608,112,49.8176,115,51.152,43,0.4448,19.1264,,,3,1.3344,39,17.3472,42,18.6816,,,,,0,0,1,0.4448,102.380952380952,0.59
29395,BK Orange Sud,29/09/2025 00:00:00,05/10/2025 00:00:00,14,Réserve sèche,FGX,REEMPLOYABLE,REEMPLOYABLE,G000840,CORNET REEMP GRAND / FRITES,pièce,,,300,152.55,0,0,294,149.499,6,0.5085,3.051,,,,,,,0,0,,,,,0,0,6,3.051,0,0.08
29395,BK Orange Sud,29/09/2025 00:00:00,05/10/2025 00:00:00,14,Réserve sèche,FGX,REEMPLOYABLE,REEMPLOYABLE,G000839,CORNET REEMP MOYEN / FRITE,pièce,,,300,144.69,0,0,230,110.929,70,0.4823,33.761,,,,,,,0,0,,,,,0,0,70,33.761,0,0.95
29395,BK Orange Sud,29/09/2025 00:00:00,05/10/2025 00:00:00,14,Réserve sèche,FGX,REEMPLOYABLE,REEMPLOYABLE,G000838,CORNET REEMP PETIT / FRITE,pièce,,,300,138.87,0,0,160,74.064,140,0.4629,64.806,,,,,,,0,0,,,,,0,0,140,64.806,0,1.91
29395,BK Orange Sud,29/09/2025 00:00:00,05/10/2025 00:00:00,14,Réserve sèche,SOLIDE,FOOD,INGR SALADE&SANDWICH,G000031,CORNICHON TRANCHE,pièce,#,#,6973.3332,42.53733252,13075,79.7575,7104.0832,43.33490752,12944.25,0.0061,78.959925,94,0.5734,68,0.4148,11374,69.3814,11536,70.3696,729.1733,4.4464987834,,,729.1733,4.4464987834,679.0767,4.14236787,112.207437586685,176.49
29395,BK Orange Sud,29/09/2025 00:00:00,05/10/2025 00:00:00,14,Réserve sèche,CONSO,BULK PAPER,BULK PAPER,G000553,COURONNE / ADULTE,pièce,#,,1750,61.95,0,0,3000,106.2,-1250,0.0354,-44.25,,,,,,,0,0,,,,,0,0,-1250,-44.25,0,-17.04
29395,BK Orange Sud,29/09/2025 00:00:00,05/10/2025 00:00:00,14,Réserve sèche,CONSO,BULK PAPER,BULK PAPER,G000452,COURONNE / ENFANT,pièce,,,2375,84.075,1500,53.1,3875,137.175,0,0,0,,,,,,,0,0,,,,,0,0,0,0,0,0
29395,BK Orange Sud,29/09/2025 00:00:00,05/10/2025 00:00:00,14,Réserve sèche,FGX,PAPER,GOBELET & COUVERCLE,G000721,COUTEAU BOIS NON EMBALLE,pièce,#,#,2500,29.25,0,0,2500,29.25,0,0,0,,,1,0.0117,147,1.7199,148,1.7316,2,0.0234,,,2,0.0234,-150,-1.755,0,0
29395,BK Orange Sud,29/09/2025 00:00:00,05/10/2025 00:00:00,14,Réserve sèche,FGX,REEMPLOYABLE,REEMPLOYABLE,G000665,COUTEAU REEMP,pièce,,,34,1.7136,0,0,,,34,0.0504,1.7136,,,,,,,0,0,,,,,0,0,34,1.7136,0,0.46
29395,BK Orange Sud,29/09/2025 00:00:00,05/10/2025 00:00:00,14,Réserve sèche,FGX,PAPER,GOBELET & COUVERCLE,G000409,COUV 25CL / 40CL / 50CL,pièce,#,#,3600,145.8,1800,72.9,2400,97.2,3000,0.0405,121.5,3.5,0.14175,71.8,2.9079,3731.1,151.10955,3806.4,154.1592,,,,,0,0,-806.4,-32.6592,78.8146279949559,40.9
29395,BK Orange Sud,29/09/2025 00:00:00,05/10/2025 00:00:00,14,Réserve sèche,FGX,PAPER,GOBELET & COUVERCLE,G000056,COUV DOME SHAKE,pièce,,,1042.8,72.57888,0,0,1040.8,72.43968,2,0.0696,0.1392,,,,,2,0.1392,2,0.1392,,,,,0,0,0,0,100,0.03
29395,BK Orange Sud,29/09/2025 00:00:00,05/10/2025 00:00:00,14,Réserve sèche,FGX,PAPER,GOBELET & COUVERCLE,G000332,COUV GRAND CAFÉ,pièce,#,,1047,44.0787,0,0,1120,47.152,-73,0.0421,-3.0733,3,0.1263,7,0.2947,62,2.6102,72,3.0312,,,,,0,0,-145,-6.1045,-101.388888888889,-1
29395,BK Orange Sud,29/09/2025 00:00:00,05/10/2025 00:00:00,14,Réserve sèche,FGX,PAPER,GOBELET & COUVERCLE,G000597,COUV MINI FUSION,pièce,#,#,700,9.87,700,9.87,1400,19.74,0,0,0,15,0.2115,5,0.0705,591,8.3331,611,8.6151,,,,,0,0,-611,-8.6151,0,0
29395,BK Orange Sud,29/09/2025 00:00:00,05/10/2025 00:00:00,14,Réserve sèche,FGX,PAPER,GOBELET & COUVERCLE,G000034,COUV PETIT CAFE,pièce,,,178,7.7074,0,0,142,6.1486,36,0.0433,1.5588,3,0.1299,5,0.2165,28,1.2124,36,1.5588,,,,,0,0,0,0,100,0.49
29395,BK Orange Sud,29/09/2025 00:00:00,05/10/2025 00:00:00,14,Réserve sèche,FGX,REEMPLOYABLE,REEMPLOYABLE,G000673,COUV REEMP GRAND CAFE,pièce,,,120,17.16,0,0,120,17.16,0,0,0,,,,,,,0,0,,,,,0,0,0,0,0,0
29395,BK Orange Sud,29/09/2025 00:00:00,05/10/2025 00:00:00,14,Réserve sèche,FGX,REEMPLOYABLE,REEMPLOYABLE,G000707,COUV REEMP SALADE GRAND,pièce,,,40,16.852,0,0,40,16.852,0,0,0,,,,,,,0,0,,,,,0,0,0,0,0,0
29395,BK Orange Sud,29/09/2025 00:00:00,05/10/2025 00:00:00,14,Réserve sèche,FGX,REEMPLOYABLE,REEMPLOYABLE,G000706,COUV REEMP SALADE PETIT,pièce,,,80,25.784,0,0,80,25.784,0,0,0,,,,,,,0,0,,,,,0,0,0,0,0,0
29395,BK Orange Sud,29/09/2025 00:00:00,05/10/2025 00:00:00,14,Réserve sèche,FGX,PAPER,GOBELET & COUVERCLE,G000041,COUV SALADE GRAND,pièce,#,,249,19.1481,0,0,300,23.07,-51,0.0769,-3.9219,,,,,51,3.9219,51,3.9219,2,0.1538,,,2,0.1538,-104,-7.9976,-100,-0.7
29395,BK Orange Sud,29/09/2025 00:00:00,05/10/2025 00:00:00,14,Réserve sèche,FGX,PAPER,GOBELET & COUVERCLE,G000042,COUV SALADE PETIT,pièce,#,,211,10.8032,0,0,300,15.36,-89,0.0512,-4.5568,,,1,0.0512,96,4.9152,97,4.9664,,,,,0,0,-186,-9.5232,-91.7525773195876,-1.21
29395,BK Orange Sud,29/09/2025 00:00:00,05/10/2025 00:00:00,13,Reserve entretien,FGX,PETITE FOURNITURE,PETITE FOURNITURE,G000044,CRAYON GRAS NOIR,pièce,#,#,48,30.7584,0,0,36,23.0688,12,0.6408,7.6896,,,,,,,0,0,,,,,0,0,12,7.6896,0,0.16
29395,BK Orange Sud,29/09/2025 00:00:00,05/10/2025 00:00:00,12,Chambre froide positive,SOLIDE,FOOD,INGREDIENT DESSERT,G000457,CREME DEBIC,au Kg,#,#,5,36.881,4.2,30.979998,7.2,53.10864,2,7.376179,14.752358,,,0.013,0.09589099,0.23,1.69652899,0.243,1.79241998,,,,,0,0,1.757,12.9599834,823.045267489712,0.03
29395,BK Orange Sud,29/09/2025 00:00:00,05/10/2025 00:00:00,14,Réserve sèche,FGX,PAPER,GOBELET & COUVERCLE,G000423,CUILLÈRE BOIS / DESSERTS,pièce,#,#,100,1.41,3000,42.3,4000,56.4,-900,0.0141,-12.69,63,0.8883,29,0.4089,1486,20.9526,1578,22.2498,,,,,0,0,-2478,-34.9398,-57.0342205323194,-12.27
29395,BK Orange Sud,29/09/2025 00:00:00,05/10/2025 00:00:00,14,Réserve sèche,FGX,REEMPLOYABLE,REEMPLOYABLE,G000666,CUILLERE REEMP,pièce,,,1000,49.1,0,0,700,34.37,300,0.0491,14.73,,,,,,,0,0,,,,,0,0,300,14.73,0,4.09
29395,BK Orange Sud,29/09/2025 00:00:00,05/10/2025 00:00:00,15,Réserves boissons,LIQUIDE,BOISSON,BOISSON,G000191,DIOXYDE DE CARBONE CO2,au Kg,,,105.81,153.4245,0,0,94.118,136.4711,11.69,1.45024807527802,16.9534,,,0.205,0.29725,11.487,16.65615,11.692,16.9534,,,,,0,0,-0.002,0,99.9828942866918,0.16
29395,BK Orange Sud,29/09/2025 00:00:00,05/10/2025 00:00:00,14,Réserve sèche,SOLIDE,FOOD,SNACK & FRITE,G000637,DIP BARBECUE,pièce,#,#,320,29.312,960,86.33568,872,78.2184,408,0.091738431372549,37.42928,,,5,0.4566,435,39.40578,440,39.86238,,,,,0,0,-32,-2.8704,92.7272727272727,5.56
29395,BK Orange Sud,29/09/2025 00:00:00,05/10/2025 00:00:00,14,Réserve sèche,SOLIDE,FOOD,SNACK & FRITE,G000489,DIP CHILI CHEESE,pièce,#,#,416,41.8912,640,65.76,480,49.248,576,0.101394444444444,58.4032,,,7,0.7049,405,41.024475,412,41.729375,,,,,0,0,164,16.8264,139.805825242718,7.85
29395,BK Orange Sud,29/09/2025 00:00:00,05/10/2025 00:00:00,14,Réserve sèche,SOLIDE,FOOD,SNACK & FRITE,G000641,DIP CREAMY RANCH,pièce,#,#,520,52.884,640,66.688,310,32.209,850,0.10278,87.363,,,7,0.714098,632,64.727544,639,65.441642,,,,,0,0,211,21.9229,133.02034428795,11.59
29395,BK Orange Sud,29/09/2025 00:00:00,05/10/2025 00:00:00,14,Réserve sèche,SOLIDE,FOOD,SNACK & FRITE,G000590,DIP GOUT GRILLE (1954),pièce,,#,160,15.968,1280,134.4,749,78.645,691,0.103795947901592,71.723,,,7,0.729799,732,75.7986,739,76.528399,,,,,0,0,-48,-5.04,93.5047361299053,9.42
29395,BK Orange Sud,29/09/2025 00:00:00,05/10/2025 00:00:00,14,Réserve sèche,SOLIDE,FOOD,SNACK & FRITE,G000953,DIP MAYO OPE 1ER AVRIL,pièce,,,59,0.5015,0,0,59,0.5015,0,0,0,,,,,,,0,0,,,,,0,0,0,0,0,0
29395,BK Orange Sud,29/09/2025 00:00:00,05/10/2025 00:00:00,14,Réserve sèche,SOLIDE,FOOD,SNACK & FRITE,G000483,DIP MIEL MOUTARDE,pièce,#,#,296,32.4416,960,106.752,544,60.384,712,0.110687640449438,78.8096,,,10,1.1046,639,70.527069,649,71.631669,,,,,0,0,63,6.993,109.707241910632,9.71
29395,BK Orange Sud,29/09/2025 00:00:00,05/10/2025 00:00:00,14,Réserve sèche,SOLIDE,FOOD,SNACK & FRITE,G000896,DIP PEUR BLEUE NOIRE,pièce,,,17,2.0672,0,0,17,2.0672,0,0,0,,,,,,,0,0,,,,,0,0,0,0,0,0
29395,BK Orange Sud,29/09/2025 00:00:00,05/10/2025 00:00:00,14,Réserve sèche,SOLIDE,FOOD,SNACK & FRITE,G001000,DIP SMOKY BACON ,pièce,#,,,,960,112.896,840,98.784,120,0.1176,14.112,,,10,1.176,210,24.696,220,25.872,,,,,0,0,-100,-11.76,54.5454545454546,1.64
29395,BK Orange Sud,29/09/2025 00:00:00,05/10/2025 00:00:00,14,Réserve sèche,SOLIDE,FOOD,SNACK & FRITE,G000624,DIP SPICY ANDALOUSE,pièce,#,#,672,70.896,320,35.296,672,72.0384,320,0.10673,34.1536,,,3,0.319899,247,26.213122,250,26.533021,,,,,0,0,70,7.504,128,4.36
29395,BK Orange Sud,29/09/2025 00:00:00,05/10/2025 00:00:00,14,Réserve sèche,SOLIDE,FOOD,SNACK & FRITE,G001001,DIP XXL GOUT GRILLE (1954),pièce,#,#,54,24.5322,144,65.4192,226,102.6718,-28,0.4543,-12.7204,3,1.3629,2,0.9086,114,51.7902,119,54.0617,,,,,0,0,-147,-66.7821,-23.5294117647059,-0.38
29395,BK Orange Sud,29/09/2025 00:00:00,05/10/2025 00:00:00,12,Chambre froide positive,SOLIDE,FOOD,SNACK & FRITE,G000934,DIP XXL SAUCE CHEDDAR,pièce,,,87,35.67,90,38.637,11,4.7091,166,0.419264457831325,69.5979,19,7.961589,1,0.4281,146,61.208164,166,69.597853,,,,,0,0,0,0,100,2.26
29395,BK Orange Sud,29/09/2025 00:00:00,05/10/2025 00:00:00,14,Réserve sèche,SOLIDE,FOOD,SNACK & FRITE,G001002,DIP XXL SPICY AIGRE DOUCE ,pièce,#,#,80,37.12,72,33.408,102,47.328,50,0.464,23.2,1,0.464,1,0.464,55,25.52,57,26.448,,,,,0,0,-7,-3.248,87.719298245614,0.68
29395,BK Orange Sud,29/09/2025 00:00:00,05/10/2025 00:00:00,13,Reserve entretien,FGX,ENTRETIEN,ENTRETIEN,G000249,DISTRIBUTEUR ESSUIE MAINS,pièce,,,6,175.494,0,0,6,175.494,0,0,0,,,,,,,0,0,,,,,0,0,0,0,0,0
29395,BK Orange Sud,29/09/2025 00:00:00,05/10/2025 00:00:00,13,Reserve entretien,FGX,ENTRETIEN,ENTRETIEN,G000189,DISTRIBUTEUR LATERAL ESSUIE MAINS,pièce,,,2,1.94,0,0,2,1.94,0,0,0,,,,,,,0,0,,,,,0,0,0,0,0,0
29395,BK Orange Sud,29/09/2025 00:00:00,05/10/2025 00:00:00,14,Réserve sèche,FGX,ENTRETIEN,ENTRETIEN,G000735,DISTRIBUTEUR PORTABLE ESSUIE MAINS,pièce,,,1,36.58,0,0,1,36.58,0,0,0,,,,,,,0,0,,,,,0,0,0,0,0,0
29395,BK Orange Sud,29/09/2025 00:00:00,05/10/2025 00:00:00,13,Reserve entretien,FGX,ENTRETIEN,ENTRETIEN,G000250,DISTRIBUTEUR ROULEAU WC,pièce,,,5,165.05,0,0,5,165.05,0,0,0,,,,,,,0,0,,,,,0,0,0,0,0,0
29395,BK Orange Sud,29/09/2025 00:00:00,05/10/2025 00:00:00,13,Reserve entretien,FGX,ENTRETIEN,ENTRETIEN,G000054,DISTRIBUTEUR SAVON / GEL CUISINE,pièce,,,7,58.5102,0,0,7,58.5102,0,0,0,,,,,,,0,0,,,,,0,0,0,0,0,0
29395,BK Orange Sud,29/09/2025 00:00:00,05/10/2025 00:00:00,13,Reserve entretien,FGX,ENTRETIEN,ENTRETIEN,G000251,DISTRIBUTEUR SAVON CLIENT,pièce,,,2,69.32,0,0,2,69.32,0,0,0,,,,,,,0,0,,,,,0,0,0,0,0,0
29395,BK Orange Sud,29/09/2025 00:00:00,05/10/2025 00:00:00,11,Chambre froide négative,SOLIDE,FOOD,DESSERT,G000477,DONUT CHOCO NOISETTES,pièce,#,#,18,8.6958,72,34.7832,36,17.3916,54,0.4831,26.0874,,,,,20,9.662,20,9.662,,,,,0,0,34,16.4254,270,0.74
29395,BK Orange Sud,29/09/2025 00:00:00,05/10/2025 00:00:00,11,Chambre froide négative,SOLIDE,FOOD,DESSERT,G000931,DONUT SPECULOOS,pièce,#,#,54,31.3794,36,20.9196,45,26.1495,45,0.5811,26.1495,,,2,1.1622,30,17.433,32,18.5952,3,1.7433,,,3,1.7433,10,5.811,140.625,0.61
29395,BK Orange Sud,29/09/2025 00:00:00,05/10/2025 00:00:00,14,Réserve sèche,SOLIDE,FOOD,SNACK & FRITE,G000089,DOSETTE KETCHUP,pièce,#,,2719,55.7395,6000,122.4,5700,116.28,3019,0.0204900629347466,61.8595,,,15,0.3066,1987,40.602358,2002,40.908958,,,,,0,0,1017,20.7468,150.799200799201,41.16
29395,BK Orange Sud,29/09/2025 00:00:00,05/10/2025 00:00:00,14,Réserve sèche,SOLIDE,FOOD,SNACK & FRITE,G000214,DOSETTE MAYONNAISE,pièce,#,#,1170,25.974,3900,86.58,2340,51.948,2730,0.0222,60.606,,,27,0.5994,2366,52.5252,2393,53.1246,,,,,0,0,337,7.4814,114.082741328876,37.22
29395,BK Orange Sud,29/09/2025 00:00:00,05/10/2025 00:00:00,15,Réserves boissons,LIQUIDE,BOISSON,BOISSON,G000954,EAU PERRIER 33CL,pièce,#,#,249,71.6871,384,110.5536,297,85.5063,336,0.2879,96.7344,,,13,3.7427,333,95.8707,346,99.6134,,,,,0,0,-10,-2.879,97.1098265895954,4.58
29395,BK Orange Sud,29/09/2025 00:00:00,05/10/2025 00:00:00,15,Réserves boissons,LIQUIDE,BOISSON,BOISSON,G000203,EAU VITTEL 33CL,pièce,#,#,248,55.7008,384,86.2464,174,39.0804,458,0.2246,102.8668,,,2,0.4492,463,103.9898,465,104.439,,,,,0,0,-7,-1.5722,98.494623655914,6.24
29395,BK Orange Sud,29/09/2025 00:00:00,05/10/2025 00:00:00,15,Réserves boissons,LIQUIDE,BOISSON,BOISSON,G000198,EAU VITTEL 50CL,pièce,#,#,122,36.3926,168,50.1144,107,31.9181,183,0.2983,54.5889,,,11,3.2813,165,49.2195,176,52.5008,,,,,0,0,7,2.0881,103.977272727273,2.5
29395,BK Orange Sud,29/09/2025 00:00:00,05/10/2025 00:00:00,13,Reserve entretien,FGX,ENTRETIEN,ENTRETIEN,G000371,EPICARE 5/SAVON EMPLOYE,au L,,,10,35.358,0,0,10,35.358,0,0,0,,,,,,,0,0,,,,,0,0,0,0,0,0
29395,BK Orange Sud,29/09/2025 00:00:00,05/10/2025 00:00:00,13,Reserve entretien,FGX,ENTRETIEN,ENTRETIEN,G000253,ESSOREUSE MOP BLEUE/JAUNE,pièce,,,2,50.3,0,0,2,50.3,0,0,0,,,,,,,0,0,,,,,0,0,0,0,0,0
29395,BK Orange Sud,29/09/2025 00:00:00,05/10/2025 00:00:00,13,Reserve entretien,FGX,ENTRETIEN,ENTRETIEN,G000254,ESSOREUSE MOP ROUGE/VERTE,pièce,,,2,50.3,0,0,2,50.3,0,0,0,,,,,,,0,0,,,,,0,0,0,0,0,0
29395,BK Orange Sud,29/09/2025 00:00:00,05/10/2025 00:00:00,13,Reserve entretien,FGX,ENTRETIEN,ENTRETIEN,G000255,ESSUIE MAINS,pièce,#,#,21,125.6157,24,143.5608,27,161.5059,18,5.9817,107.6706,,,,,,,0,0,,,,,0,0,18,107.6706,0,0.25
29395,BK Orange Sud,29/09/2025 00:00:00,05/10/2025 00:00:00,13,Reserve entretien,FGX,ENTRETIEN,ENTRETIEN,G000081,ESTEEM WAREWASING - DETERGENT LAVE-VAISSELLE,au L,#,#,10,38.09,10,38.09,10,38.09,10,3.809,38.09,,,,,,,0,0,,,,,0,0,10,38.09,0,0.14
29395,BK Orange Sud,29/09/2025 00:00:00,05/10/2025 00:00:00,14,Réserve sèche,FGX,PAPER,EMBALLAGE,G000862,ETUI LES PETITS TOASTES,pièce,#,#,1500,53.55,0,0,500,17.85,1000,0.0357,35.7,11,0.3927,11,0.3927,273,9.7461,295,10.5315,2,0.0714,,,2,0.0714,703,25.0971,338.983050847458,13.63
29395,BK Orange Sud,29/09/2025 00:00:00,05/10/2025 00:00:00,14,Réserve sèche,FGX,PAPER,EMBALLAGE,G000732,ETUI PAPIER GRAND WRAP,pièce,,,,,750,30.45,394,15.9964,356,0.0406,14.4536,12,0.4872,4,0.1624,381,15.4686,397,16.1182,1,0.0406,,,1,0.0406,-42,-1.7052,89.6725440806045,4.85
29395,BK Orange Sud,29/09/2025 00:00:00,05/10/2025 00:00:00,15,Réserves boissons,LIQUIDE,BOISSON,BOISSON,G000554,FANTA ORANGE SANS SUCRE - BIB,au L,#,#,81,287.8497,0,0,54.4,193.32128,26.6,3.5537,94.52842,,,0.742,2.636848368,15.902,56.510985106,16.644,59.147833474,,,,,0,0,9.956,35.3806372,159.817351598174,0.36
29395,BK Orange Sud,29/09/2025 00:00:00,05/10/2025 00:00:00,12,Chambre froide positive,LIQUIDE,BOISSON,BOISSON,G000988,FANTA TUTTI FRUTTI,pièce,#,,108,62.64,240,139.2,8,4.64,340,0.58,197.2,,,12,6.96,164,95.12,176,102.08,,,,,0,0,164,95.12,193.181818181818,4.64
29395,BK Orange Sud,29/09/2025 00:00:00,05/10/2025 00:00:00,15,Réserves boissons,LIQUIDE,BOISSON,BOISSON,G000988,FANTA TUTTI FRUTTI,pièce,#,,,,0,0,164,95.12,-164,0.58,-95.12,,,,,,,0,0,,,,,0,0,-164,-95.12,0,-2.24
29395,BK Orange Sud,29/09/2025 00:00:00,05/10/2025 00:00:00,13,Reserve entretien,FGX,ENTRETIEN,ENTRETIEN,G000185,FILM ALIMENTAIRE,pièce,#,#,7,40.0176,0,0,6,34.3008,1,5.7168,5.7168,,,,,,,0,0,,,,,0,0,1,5.7168,0,0.01
29395,BK Orange Sud,29/09/2025 00:00:00,05/10/2025 00:00:00,14,Réserve sèche,FGX,PAPER,GOBELET & COUVERCLE,G000722,FOURCHETTE BOIS,pièce,#,#,2750,42.625,0,0,2500,38.75,250,0.0155,3.875,,,1,0.0155,147,2.2785,148,2.294,2,0.031,,,2,0.031,100,1.55,168.918918918919,3.41
29395,BK Orange Sud,29/09/2025 00:00:00,05/10/2025 00:00:00,14,Réserve sèche,FGX,REEMPLOYABLE,REEMPLOYABLE,G000664,FOURCHETTE REEMP,pièce,,,1000,47.6,0,0,700,33.32,300,0.0476,14.28,,,,,,,0,0,,,,,0,0,300,14.28,0,4.09
29395,BK Orange Sud,29/09/2025 00:00:00,05/10/2025 00:00:00,11,Chambre froide négative,SOLIDE,FOOD,SNACK & FRITE,G000094,FRITE,au Kg,#,#,481.25,723.03,875,1314.6,450,676.08,906.25,1.5024,1361.55,4.465,6.708211535,11.766,17.677226634,929.29,1396.16436671,945.521,1420.549804879,7,10.5168,,,7,10.5168,-46.271,-69.5175504,95.8466284725564,12.36
29395,BK Orange Sud,29/09/2025 00:00:00,05/10/2025 00:00:00,11,Chambre froide négative,SOLIDE,FOOD,INGR SALADE&SANDWICH,G000644,FROMAGE.BILLES DE MOZZARELLA,pièce,,,640,36.928,0,0,640,36.928,0,0,0,,,,,,,0,0,,,,,0,0,0,0,0,0
29395,BK Orange Sud,29/09/2025 00:00:00,05/10/2025 00:00:00,11,Chambre froide négative,SOLIDE,FOOD,INGR SALADE&SANDWICH,G000518,FROMAGE.CANTAL TRANCHE,pièce,#,#,715,161.733,520,125.996,32.5,7.6505,1202.5,0.232913513513514,280.0785,,,,,376,86.743952,376,86.743952,97.75,22.44447525,,,97.75,22.44447525,728.75,171.54775,319.813829787234,16.4
29395,BK Orange Sud,29/09/2025 00:00:00,05/10/2025 00:00:00,12,Chambre froide positive,SOLIDE,FOOD,INGR SALADE&SANDWICH,G000064,FROMAGE.CHEDDAR FONDU TRANCHE ,pièce,#,#,3168,190.3968,13728,823.88592,7040,422.4,9856,0.0600530357142857,591.88272,131,7.863799,96,5.76432,8861,531.961274,9088,545.589393,521,31.298033,,,521,31.298033,247,14.82,108.450704225352,134.38
29395,BK Orange Sud,29/09/2025 00:00:00,05/10/2025 00:00:00,12,Chambre froide positive,SOLIDE,FOOD,INGR SALADE&SANDWICH,G000219,FROMAGE.GRANA PADANO,au Kg,#,#,1.25,18.54,1.25,18.54,0.375,5.5620375,2.12,14.8669634433962,31.5179625,,,0.01,0.14832,1.98,29.3674194,1.99,29.5157394,0.04,0.5933,,,0.04,0.5933,0.09,1.4090495,106.532663316583,0.03
29395,BK Orange Sud,29/09/2025 00:00:00,05/10/2025 00:00:00,11,Chambre froide négative,SOLIDE,FOOD,INGR SALADE&SANDWICH,G000749,FROMAGE.MOZZARELLA TRANCHE,pièce,,,312,93.1944,0,0,312,93.1944,0,0,0,,,,,,,0,0,,,,,0,0,0,0,0,0
29395,BK Orange Sud,29/09/2025 00:00:00,05/10/2025 00:00:00,11,Chambre froide négative,SOLIDE,FOOD,INGR SALADE&SANDWICH,G000567,FROMAGE.RACLETTE FUMEE TRANCHE ,pièce,#,,1320,256.74,3960,755.172,3371.5,644.6308,1908.5,0.192444956772334,367.2812,,,11,2.1219,1512,290.99196,1523,293.11386,283.15,54.76205945,,,283.15,54.76205945,102.35,19.56932,125.311884438608,26.02
29395,BK Orange Sud,29/09/2025 00:00:00,05/10/2025 00:00:00,15,Réserves boissons,LIQUIDE,BOISSON,BOISSON,G000734,FUZE TEA PECHE - BIB,au L,#,#,43,206.8773,38,156.6816,43,192.0939,38,4.51223684210526,171.465,0.14,0.64467494,0.464,2.120272592,37.031,169.177049275,37.635,171.941996807,,,,,0,0,0.365,1.6305645,100.969841902484,0.52
29395,BK Orange Sud,29/09/2025 00:00:00,05/10/2025 00:00:00,13,Reserve entretien,FGX,ENTRETIEN,ENTRETIEN,G000396,GANT 50CM WC,pièce,,,200,25.98,0,0,200,25.98,0,0,0,,,,,,,0,0,,,,,0,0,0,0,0,0
29395,BK Orange Sud,29/09/2025 00:00:00,05/10/2025 00:00:00,13,Reserve entretien,FGX,ENTRETIEN,ENTRETIEN,G000068,GANT BLEU,pièce,#,#,2800,87.08,0,0,2600,80.86,200,0.0311,6.22,,,,,,,0,0,,,,,0,0,200,6.22,0,2.73
29395,BK Orange Sud,29/09/2025 00:00:00,05/10/2025 00:00:00,13,Reserve entretien,FGX,ENTRETIEN,ENTRETIEN,G000257,GANT DE PLONGE,pièce,,,5,3.3,0,0,5,3.3,0,0,0,,,,,,,0,0,,,,,0,0,0,0,0,0
29395,BK Orange Sud,29/09/2025 00:00:00,05/10/2025 00:00:00,13,Reserve entretien,FGX,ENTRETIEN,ENTRETIEN,G000256,GANT LONG FILTRAGE HUILE,pièce,,,9,93.9501,0,0,9,93.9501,0,0,0,,,,,,,0,0,,,,,0,0,0,0,0,0
29395,BK Orange Sud,29/09/2025 00:00:00,05/10/2025 00:00:00,13,Reserve entretien,FGX,ENTRETIEN,ENTRETIEN,G000602,GANT TRANSPARENT,pièce,,,10000,62,0,0,10000,62,0,0,0,,,,,,,0,0,,,,,0,0,0,0,0,0
29395,BK Orange Sud,29/09/2025 00:00:00,05/10/2025 00:00:00,14,Réserve sèche,FGX,PAPER,GOBELET & COUVERCLE,G000406,GOB 25CL,pièce,#,#,2200,75.02,0,0,1650,56.265,550,0.0341,18.755,5,0.1705,42,1.4322,1707,58.2087,1754,59.8114,,,,,0,0,-1204,-41.0564,31.3568985176739,7.5
29395,BK Orange Sud,29/09/2025 00:00:00,05/10/2025 00:00:00,14,Réserve sèche,FGX,PAPER,GOBELET & COUVERCLE,G000407,GOB 40CL,pièce,#,#,945,42.0525,1260,56.07,990,44.055,1215,0.0445,54.0675,,,46,2.047,1895,84.3275,1941,86.3745,,,,,0,0,-726,-32.307,62.596599690881,16.57
29395,BK Orange Sud,29/09/2025 00:00:00,05/10/2025 00:00:00,14,Réserve sèche,FGX,PAPER,GOBELET & COUVERCLE,G000408,GOB 50CL,pièce,#,#,1400,73.92,1000,52.8,950,50.16,1450,0.0528,76.56,,,26,1.3728,2102,110.9856,2128,112.3584,,,,,0,0,-678,-35.7984,68.1390977443609,19.77
29395,BK Orange Sud,29/09/2025 00:00:00,05/10/2025 00:00:00,14,Réserve sèche,FGX,PAPER,GOBELET & COUVERCLE,G000401,GOB GRAND CAFE / THE,pièce,#,,1421,72.1868,0,0,1500,76.2,-79,0.0508,-4.0132,3,0.1524,7,0.3556,55,2.794,65,3.302,,,,,0,0,-144,-7.3152,-121.538461538462,-1.08
29395,BK Orange Sud,29/09/2025 00:00:00,05/10/2025 00:00:00,14,Réserve sèche,FGX,PAPER,GOBELET & COUVERCLE,G000072,GOB PETIT CAFE / EXPRESSO,pièce,#,,2928,72.0288,0,0,1500,36.9,1428,0.0246,35.1288,3,0.0738,6,0.1476,45,1.107,54,1.3284,,,,,0,0,1374,33.8004,2644.44444444444,19.47
29395,BK Orange Sud,29/09/2025 00:00:00,05/10/2025 00:00:00,14,Réserve sèche,FGX,REEMPLOYABLE,REEMPLOYABLE,G000674,GOB REEMP 25CL,pièce,,,270,148.689,0,0,45,24.7815,225,0.5507,123.9075,,,,,,,0,0,,,,,0,0,225,123.9075,0,3.07
29395,BK Orange Sud,29/09/2025 00:00:00,05/10/2025 00:00:00,14,Réserve sèche,FGX,REEMPLOYABLE,REEMPLOYABLE,G000662,GOB REEMP 40/50CL,pièce,,,210,173.796,0,0,126,104.2776,84,0.8276,69.5184,,,,,,,0,0,,,,,0,0,84,69.5184,0,1.15
29395,BK Orange Sud,29/09/2025 00:00:00,05/10/2025 00:00:00,14,Réserve sèche,FGX,REEMPLOYABLE,REEMPLOYABLE,G000802,GOB REEMP DOUBLE EXPRESSO 17CL,pièce,,,144,69.408,0,0,72,34.704,72,0.482,34.704,,,,,,,0,0,,,,,0,0,72,34.704,0,0.98
29395,BK Orange Sud,29/09/2025 00:00:00,05/10/2025 00:00:00,14,Réserve sèche,FGX,REEMPLOYABLE,REEMPLOYABLE,G000700,GOB REEMP EXPRESSO,pièce,,,45,18.054,0,0,15,6.018,30,0.4012,12.036,,,,,,,0,0,,,,,0,0,30,12.036,0,0.41
29395,BK Orange Sud,29/09/2025 00:00:00,05/10/2025 00:00:00,14,Réserve sèche,FGX,REEMPLOYABLE,REEMPLOYABLE,G000671,GOB REEMP FUSION – SHAKE ,pièce,,,214,68.8438,0,0,214,68.8438,0,0,0,,,,,,,0,0,,,,,0,0,0,0,0,0
29395,BK Orange Sud,29/09/2025 00:00:00,05/10/2025 00:00:00,14,Réserve sèche,FGX,REEMPLOYABLE,REEMPLOYABLE,G000672,GOB REEMP GRAND CAFE,pièce,,,25,8.0425,0,0,25,8.0425,0,0,0,,,,,,,0,0,,,,,0,0,0,0,0,0
29395,BK Orange Sud,29/09/2025 00:00:00,05/10/2025 00:00:00,14,Réserve sèche,FGX,PAPER,GOBELET & COUVERCLE,G000458,GOB SHAKE,pièce,#,#,440,16.148,2200,82.06,2420,90.266,220,0.0361,7.942,,,10,0.3694,92,3.395536,102,3.764936,,,,,0,0,118,4.4014,215.686274509804,3
29395,BK Orange Sud,29/09/2025 00:00:00,05/10/2025 00:00:00,14,Réserve sèche,FGX,MARKETING,MARKETING,G000924,GOODIES / SWEAT TU / NARUTO,pièce,,,8,108.456,0,0,8,108.456,0,0,0,,,,,,,0,0,,,,,0,0,0,0,0,0
29395,BK Orange Sud,29/09/2025 00:00:00,05/10/2025 00:00:00,14,Réserve sèche,FGX,MARKETING,MARKETING,G000760,GOODIES GRAND JEU 1 / RAQUETTES SACS BALLONS,pièce,,,28,0.0084,0,0,28,0.0084,0,0,0,,,,,,,0,0,,,,,0,0,0,0,0,0
29395,BK Orange Sud,29/09/2025 00:00:00,05/10/2025 00:00:00,14,Réserve sèche,FGX,MARKETING,MARKETING,G000755,GOODIES GRAND JEU 4 / FRAISE SERVIETTE PLAGE OASIS,pièce,,,75,0.015,0,0,75,0.015,0,0,0,,,,,,,0,0,,,,,0,0,0,0,0,0
29395,BK Orange Sud,29/09/2025 00:00:00,05/10/2025 00:00:00,14,Réserve sèche,FGX,MARKETING,MARKETING,G000756,GOODIES GRAND JEU 4 / MANGUE SERVIETTE PLAGE OASIS ,pièce,,,76,0.0152,0,0,76,0.0152,0,0,0,,,,,,,0,0,,,,,0,0,0,0,0,0
29395,BK Orange Sud,29/09/2025 00:00:00,05/10/2025 00:00:00,14,Réserve sèche,FGX,MARKETING,MARKETING,G000763,GOODIES GRAND JEU 6 / ALBUM PANINI,pièce,,,64,0.0192,0,0,64,0.0192,0,0,0,,,,,,,0,0,,,,,0,0,0,0,0,0
29395,BK Orange Sud,29/09/2025 00:00:00,05/10/2025 00:00:00,14,Réserve sèche,SOLIDE,FOOD,SNACK & FRITE,G000077,HUILE DE FRITURE,au L,#,#,247.5,441.71325,240,428.328,322.5,575.56575,165,1.7847,294.4755,1.31,2.33796486,0.724,1.292134384,61.815,110.32147776,63.849,113.951577004,172.641,308.112565341,,,172.641,308.112565341,-71.49,-127.588203,258.422214913311,2.25
29395,BK Orange Sud,29/09/2025 00:00:00,05/10/2025 00:00:00,14,Réserve sèche,SOLIDE,FOOD,INGR SALADE&SANDWICH,G000220,JALAPENOS,pièce,,,4800,44.64,0,0,4800,44.64,0,0,0,,,,,,,0,0,,,,,0,0,0,0,0,0
29395,BK Orange Sud,29/09/2025 00:00:00,05/10/2025 00:00:00,14,Réserve sèche,CONSO,JOUET,Garçons,G000078,JOUET ENFANT BK (DEPANNAGE INCLUS),pièce,#,#,80,45.856,1300,745.16,1000,573.2,380,0.5732,217.816,,,,,633,362.8356,633,362.8356,,,,,0,0,-253,-145.0196,60.0315955766193,5.18
29395,BK Orange Sud,29/09/2025 00:00:00,05/10/2025 00:00:00,13,Reserve entretien,FGX,ENTRETIEN,ENTRETIEN,G000188,KAY 5 SANITIZER TABLETS-DESINFECTANT MACHINE GLACE,pièce,,,960,102.336,0,0,960,102.336,0,0,0,,,,,,,0,0,,,,,0,0,0,0,0,0
29395,BK Orange Sud,29/09/2025 00:00:00,05/10/2025 00:00:00,13,Reserve entretien,FGX,ENTRETIEN,ENTRETIEN,G000695,KAY AMH FOAM - DISTRIBUTEUR,pièce,,,6,47.2194,0,0,6,47.2194,0,0,0,,,,,,,0,0,,,,,0,0,0,0,0,0
29395,BK Orange Sud,29/09/2025 00:00:00,05/10/2025 00:00:00,13,Reserve entretien,FGX,ENTRETIEN,ENTRETIEN,G000696,KAY AMH FOAM - SAVON CUISINE,à l unité,#,#,12.5,81.0375,10,64.83,20,129.66,2.5,6.483,16.2075,,,,,,,0,0,,,,,0,0,2.5,16.2075,0,0.03
29395,BK Orange Sud,29/09/2025 00:00:00,05/10/2025 00:00:00,13,Reserve entretien,FGX,ENTRETIEN,ENTRETIEN,G000080,KAY DELIMER - DETARTRANT,pièce,#,#,68,19.5772,0,0,51,14.6829,17,0.2879,4.8943,,,,,,,0,0,,,,,0,0,17,4.8943,0,0.23
29395,BK Orange Sud,29/09/2025 00:00:00,05/10/2025 00:00:00,13,Reserve entretien,FGX,ENTRETIEN,ENTRETIEN,G000271,KAY EASY WASH PLUS - LESSIVE MACHINE MOP,au Kg,,,6,38.9004,0,0,6,38.9004,0,0,0,,,,,,,0,0,,,,,0,0,0,0,0,0
29395,BK Orange Sud,29/09/2025 00:00:00,05/10/2025 00:00:00,13,Reserve entretien,FGX,ENTRETIEN,ENTRETIEN,G000076,KAY HEAVY DUTY DEGREASER - DEGRAISSANT CUISINE,au L,,,16,198.4,0,0,16,198.4,0,0,0,,,,,,,0,0,,,,,0,0,0,0,0,0
29395,BK Orange Sud,29/09/2025 00:00:00,05/10/2025 00:00:00,13,Reserve entretien,FGX,ENTRETIEN,ENTRETIEN,G000559,KAY LIQUID CLEANSER PLUS - CREME A RECURER WC,au L,,#,0.75,2.955525,0,0,,,0.75,3.9407,2.955525,,,,,,,0,0,,,,,0,0,0.75,2.955525,0,0.01
29395,BK Orange Sud,29/09/2025 00:00:00,05/10/2025 00:00:00,13,Reserve entretien,FGX,ENTRETIEN,ENTRETIEN,G000107,KAY MULTI-SURFACES - NETTOYANT,au L,#,#,5,42.613,0,0,5,42.613,0,0,0,,,,,,,0,0,,,,,0,0,0,0,0,0
29395,BK Orange Sud,29/09/2025 00:00:00,05/10/2025 00:00:00,13,Reserve entretien,FGX,ENTRETIEN,ENTRETIEN,G000287,KAY NO-THAW - NETTOYANT CHAMB.NEGATIVE-POSITIVE,au Kg,#,#,18.06,72.135252,0,0,18.06,72.135252,0,0,0,,,,,,,0,0,,,,,0,0,0,0,0,0
29395,BK Orange Sud,29/09/2025 00:00:00,05/10/2025 00:00:00,13,Reserve entretien,FGX,ENTRETIEN,ENTRETIEN,G000754,KAY QUARRY TILE FLOOR CLEANER - NETTOYANT SOL - L,au L,,,50,472.2,0,0,50,472.2,0,0,0,,,,,,,0,0,,,,,0,0,0,0,0,0
29395,BK Orange Sud,29/09/2025 00:00:00,05/10/2025 00:00:00,13,Reserve entretien,FGX,ENTRETIEN,ENTRETIEN,G000083,KAY RESTROOM CLEANER - NETTOYANT WC,au L,#,#,12,58.8804,0,0,10,49.067,2,4.9067,9.8134,,,,,,,0,0,,,,,0,0,2,9.8134,0,0.03
29395,BK Orange Sud,29/09/2025 00:00:00,05/10/2025 00:00:00,13,Reserve entretien,FGX,ENTRETIEN,ENTRETIEN,G000087,KAY SANITIZER - DESINFECTANT AMMONIUM,au L,#,#,20,184.308,0,0,20,184.308,0,0,0,,,,,,,0,0,,,,,0,0,0,0,0,0
29395,BK Orange Sud,29/09/2025 00:00:00,05/10/2025 00:00:00,13,Reserve entretien,FGX,ENTRETIEN,ENTRETIEN,G000153,KAY SINK SANITIZER-SOLUTION DESINFECTANT PLONGE,pièce,#,#,320,43.136,0,0,300,40.44,20,0.1348,2.696,,,,,,,0,0,,,,,0,0,20,2.696,0,0.27
29395,BK Orange Sud,29/09/2025 00:00:00,05/10/2025 00:00:00,13,Reserve entretien,FGX,ENTRETIEN,ENTRETIEN,G000084,KAY SIZZLE PLUS - NETTOYANT TOASTER,au L,,,8.514,56.9910132,0,0,8.514,56.9910132,0,0,0,,,,,,,0,0,,,,,0,0,0,0,0,0
29395,BK Orange Sud,29/09/2025 00:00:00,05/10/2025 00:00:00,13,Reserve entretien,FGX,ENTRETIEN,ENTRETIEN,G000336,KAY SPECIALITY CLEANER - NETTOYANT INOX,au Kg,,,6.37,17.698408,0,0,6.37,17.698408,0,0,0,,,,,,,0,0,,,,,0,0,0,0,0,0
29395,BK Orange Sud,29/09/2025 00:00:00,05/10/2025 00:00:00,14,Réserve sèche,FGX,MARKETING,MARKETING,G000485,KDO ANNIV MINI SKATE,pièce,,,4,43.22,0,0,4,43.22,0,0,0,,,,,,,0,0,,,,,0,0,0,0,0,0
29395,BK Orange Sud,29/09/2025 00:00:00,05/10/2025 00:00:00,12,Chambre froide positive,SOLIDE,FOOD,DESSERT,G000605,KING CRUDITES UF,pièce,#,#,37,19.573,20,10.58,0,0,57,0.529,30.153,,,,,46,24.334,46,24.334,8,4.232,,,8,4.232,3,1.587,123.913043478261,0.78
29395,BK Orange Sud,29/09/2025 00:00:00,05/10/2025 00:00:00,12,Chambre froide positive,SOLIDE,FOOD,DESSERT,G000604,KING FRUITS UF,pièce,#,#,19,10.051,90,47.61,37,19.573,72,0.529,38.088,,,5,2.645,68,35.972,73,38.617,,,,,0,0,-1,-0.529,98.6301369863014,0.98
29395,BK Orange Sud,29/09/2025 00:00:00,05/10/2025 00:00:00,13,Reserve entretien,FGX,ENTRETIEN,ENTRETIEN,G000261,KIT BROSSE NETTOYAGE FRITEUSE,pièce,,,1,29.55,0,0,1,29.55,0,0,0,,,,,,,0,0,,,,,0,0,0,0,0,0
29395,BK Orange Sud,29/09/2025 00:00:00,05/10/2025 00:00:00,13,Reserve entretien,FGX,ENTRETIEN,ENTRETIEN,G000260,KIT D'URGENCE,pièce,,,1,20.93,0,0,1,20.93,0,0,0,,,,,,,0,0,,,,,0,0,0,0,0,0
29395,BK Orange Sud,29/09/2025 00:00:00,05/10/2025 00:00:00,14,Réserve sèche,FGX,MARKETING,MARKETING,G000750,KIT JOUET VITRINE,pièce,,,56,0.112,13,0.019994,69,0.1311,0,0,0.000894,,,,,,,0,0,,,,,0,0,0,0,0,0
29395,BK Orange Sud,29/09/2025 00:00:00,05/10/2025 00:00:00,13,Reserve entretien,FGX,ENTRETIEN,ENTRETIEN,G000259,KIT PANSEMENT,pièce,,,4,109.84,0,0,4,109.84,0,0,0,,,,,,,0,0,,,,,0,0,0,0,0,0
29395,BK Orange Sud,29/09/2025 00:00:00,05/10/2025 00:00:00,12,Chambre froide positive,LIQUIDE,BOISSON,BOISSON,G000197,LAIT ,au L,#,#,16,20.48,0,0,3,3.84,13,1.28,16.64,,,,,,,0,0,,,,,0,0,13,16.64,0,0.18
29395,BK Orange Sud,29/09/2025 00:00:00,05/10/2025 00:00:00,14,Réserve sèche,LIQUIDE,BOISSON,BOISSON,G000197,LAIT ,au L,#,#,97.32,124.5696,0,0,106.71,136.5888,-9.39,1.28,-12.0192,,,0.67,0.8576,2.94,3.7632,3.61,4.6208,,,,,0,0,-13,-16.64,-260.1108033241,-0.13
29395,BK Orange Sud,29/09/2025 00:00:00,05/10/2025 00:00:00,12,Chambre froide positive,SOLIDE,FOOD,DESSERT,G000102,LAIT SHAKE,au L,#,#,10,15.75,120,189,120,189,10,1.575,15.75,,,1.6,2.52,14.72,23.184,16.32,25.704,,,,,0,0,-6.32,-9.954,61.2745098039216,0.14
29395,BK Orange Sud,29/09/2025 00:00:00,05/10/2025 00:00:00,12,Chambre froide positive,SOLIDE,FOOD,DESSERT,G000221,LAIT SUNDAE / GLACE,au L,#,#,60,106.38,260,460.98,130,230.49,190,1.773,336.87,9.21,16.32933,4.27,7.57071,181.63,322.02999,195.11,345.93003,,,,,0,0,-5.11,-9.06003,97.3809645840808,2.59
29395,BK Orange Sud,29/09/2025 00:00:00,05/10/2025 00:00:00,13,Reserve entretien,FGX,ENTRETIEN,ENTRETIEN,G000264,LAVETTE JETABLE BLEUE,pièce,#,#,475,65.74,0,0,425,58.82,50,0.1384,6.92,,,,,,,0,0,,,,,0,0,50,6.92,0,0.68
29395,BK Orange Sud,29/09/2025 00:00:00,05/10/2025 00:00:00,13,Reserve entretien,FGX,ENTRETIEN,ENTRETIEN,G000265,LAVETTE JETABLE JAUNE,pièce,#,#,950,131.48,0,0,950,131.48,0,0,0,,,,,,,0,0,,,,,0,0,0,0,0,0
29395,BK Orange Sud,29/09/2025 00:00:00,05/10/2025 00:00:00,13,Reserve entretien,FGX,ENTRETIEN,ENTRETIEN,G000266,LAVETTE JETABLE ROUGE,pièce,#,#,225,31.14,400,55.36,450,62.28,175,0.1384,24.22,,,,,,,0,0,,,,,0,0,175,24.22,0,2.39
29395,BK Orange Sud,29/09/2025 00:00:00,05/10/2025 00:00:00,13,Reserve entretien,FGX,ENTRETIEN,ENTRETIEN,G000268,LAVETTE JETABLE VERTE,pièce,#,#,400,56.64,0,0,375,53.1,25,0.1416,3.54,,,,,,,0,0,,,,,0,0,25,3.54,0,0.34
29395,BK Orange Sud,29/09/2025 00:00:00,05/10/2025 00:00:00,13,Reserve entretien,FGX,ENTRETIEN,ENTRETIEN,G000267,LAVETTE LAVABLE ROUGE,pièce,,,5,2.05,0,0,5,2.05,0,0,0,,,,,,,0,0,,,,,0,0,0,0,0,0
29395,BK Orange Sud,29/09/2025 00:00:00,05/10/2025 00:00:00,13,Reserve entretien,FGX,ENTRETIEN,ENTRETIEN,G000269,LAVETTE LAVABLE VERTE,pièce,,,65,25.22,0,0,65,25.22,0,0,0,,,,,,,0,0,,,,,0,0,0,0,0,0
29395,BK Orange Sud,29/09/2025 00:00:00,05/10/2025 00:00:00,13,Reserve entretien,FGX,ENTRETIEN,ENTRETIEN,G000272,LINGETTE DÉSINFECTANTE ALIMENTAIRE,pièce,#,#,1300,54.73,0,0,1100,46.31,200,0.0421,8.42,,,,,,,0,0,,,,,0,0,200,8.42,0,2.73
29395,BK Orange Sud,29/09/2025 00:00:00,05/10/2025 00:00:00,13,Reserve entretien,FGX,ENTRETIEN,ENTRETIEN,G000273,LUNETTE FILTRAGE HUILE,pièce,,,2,4.1,0,0,2,4.1,0,0,0,,,,,,,0,0,,,,,0,0,0,0,0,0
29395,BK Orange Sud,29/09/2025 00:00:00,05/10/2025 00:00:00,13,Reserve entretien,FGX,ENTRETIEN,ENTRETIEN,G000006,MANCHE BALAI BLEU X2,pièce,,,6,74.9574,0,0,6,74.9574,0,0,0,,,,,,,0,0,,,,,0,0,0,0,0,0
29395,BK Orange Sud,29/09/2025 00:00:00,05/10/2025 00:00:00,13,Reserve entretien,FGX,ENTRETIEN,ENTRETIEN,G000275,MANCHE BALAI ROUGE X2,pièce,,,2,19.54,0,0,2,19.54,0,0,0,,,,,,,0,0,,,,,0,0,0,0,0,0
29395,BK Orange Sud,29/09/2025 00:00:00,05/10/2025 00:00:00,13,Reserve entretien,FGX,ENTRETIEN,ENTRETIEN,G000005,MANCHE BALAI VERT X2,pièce,,,5,46.975,0,0,5,46.975,0,0,0,,,,,,,0,0,,,,,0,0,0,0,0,0
29395,BK Orange Sud,29/09/2025 00:00:00,05/10/2025 00:00:00,13,Reserve entretien,FGX,ENTRETIEN,ENTRETIEN,G000278,MANCHE UNIVERSEL MOP/BROSSES,pièce,,,1,4,0,0,1,4,0,0,0,,,,,,,0,0,,,,,0,0,0,0,0,0
29395,BK Orange Sud,29/09/2025 00:00:00,05/10/2025 00:00:00,13,Reserve entretien,FGX,ENTRETIEN,ENTRETIEN,G000866,MANCHE UNIVERSEL RACLETTE SOL VIKAN,pièce,,,6,60,0,0,6,60,0,0,0,,,,,,,0,0,,,,,0,0,0,0,0,0
29395,BK Orange Sud,29/09/2025 00:00:00,05/10/2025 00:00:00,14,Réserve sèche,FGX,PAPER,GOBELET & COUVERCLE,G000612,MANCHON GOBELETS (SLEEVE),pièce,,,,,0,0,,,0,0,0,1,0.0435,,,,,1,0.0435,,,,,0,0,-1,-0.0435,0,0
29395,BK Orange Sud,29/09/2025 00:00:00,05/10/2025 00:00:00,13,Reserve entretien,FGX,ENTRETIEN,ENTRETIEN,G000596,MASQUE JETABLE 3 PLIS,pièce,,,350,34.93,0,0,350,34.93,0,0,0,,,,,,,0,0,,,,,0,0,0,0,0,0
29395,BK Orange Sud,29/09/2025 00:00:00,05/10/2025 00:00:00,13,Reserve entretien,FGX,ENTRETIEN,ENTRETIEN,G000101,MIKROCHLOR - DESINFECTANT LEGUMES,au L,#,#,8,26.768,0,0,4,13.384,4,3.346,13.384,,,,,,,0,0,,,,,0,0,4,13.384,0,0.05
29395,BK Orange Sud,29/09/2025 00:00:00,05/10/2025 00:00:00,11,Chambre froide négative,SOLIDE,FOOD,DESSERT,G000710,MINI COOKIE CARAMEL CACAHUETE,pièce,,,72,12.7152,0,0,72,12.7152,0,0,0,,,,,,,0,0,,,,,0,0,0,0,0,0
29395,BK Orange Sud,29/09/2025 00:00:00,05/10/2025 00:00:00,11,Chambre froide négative,SOLIDE,FOOD,DESSERT,G000971,MINI DONUTS CHOCOLAT - SUPERMAN,pièce,,,57,17.1171,0,0,57,17.1171,0,0,0,,,,,,,0,0,,,,,0,0,0,0,0,0
29395,BK Orange Sud,29/09/2025 00:00:00,05/10/2025 00:00:00,11,Chambre froide négative,SOLIDE,FOOD,DESSERT,G000628,MINI MUFFIN CHOCO NOISETTE,pièce,,,44,9.4688,0,0,44,9.4688,0,0,0,,,,,,,0,0,,,,,0,0,0,0,0,0
29395,BK Orange Sud,29/09/2025 00:00:00,05/10/2025 00:00:00,12,Chambre froide positive,LIQUIDE,BOISSON,BOISSON,G000377,MINUTE MAID POMME 20 CL,pièce,#,#,73,25.55,0,0,204,71.4,-131,0.35,-45.85,,,,,,,0,0,,,,,0,0,-131,-45.85,0,-1.79
29395,BK Orange Sud,29/09/2025 00:00:00,05/10/2025 00:00:00,15,Réserves boissons,LIQUIDE,BOISSON,BOISSON,G000377,MINUTE MAID POMME 20 CL,pièce,#,#,131,45.85,0,0,0,0,131,0.35,45.85,,,,,,,0,0,,,,,0,0,131,45.85,0,1.79
29395,BK Orange Sud,29/09/2025 00:00:00,05/10/2025 00:00:00,12,Chambre froide positive,LIQUIDE,BOISSON,BOISSON,G000773,MINUTE MAID POMME 33CL,pièce,,#,0,0,0,0,,,0,0,0,,,11,5.6056,85,43.316,96,48.9216,,,,,0,0,-96,-48.9216,0,0
29395,BK Orange Sud,29/09/2025 00:00:00,05/10/2025 00:00:00,15,Réserves boissons,LIQUIDE,BOISSON,BOISSON,G000773,MINUTE MAID POMME 33CL,pièce,,#,82,41.7872,0,0,,,82,0.5096,41.7872,,,,,,,0,0,,,,,0,0,82,41.7872,0,1.12
29395,BK Orange Sud,29/09/2025 00:00:00,05/10/2025 00:00:00,11,Chambre froide négative,SOLIDE,FOOD,INGR SALADE&SANDWICH,G000642,MIX LENTILLES CORAIL ET EPEAUTRE,au Kg,,,3.36,21.664944,0,0,3.36,21.664944,0,0,0,,,,,,,0,0,,,,,0,0,0,0,0,0
29395,BK Orange Sud,29/09/2025 00:00:00,05/10/2025 00:00:00,11,Chambre froide négative,SOLIDE,FOOD,DESSERT,G000765,MUFFIN BANANA BREAD,pièce,,,56,28.2688,0,0,56,28.2688,0,0,0,,,,,,,0,0,,,,,0,0,0,0,0,0
29395,BK Orange Sud,29/09/2025 00:00:00,05/10/2025 00:00:00,11,Chambre froide négative,SOLIDE,FOOD,DESSERT,G000474,MUFFIN CHOCOLAT,pièce,#,#,90,45.585,60,30.39,60,30.39,90,0.5065,45.585,3,1.5195,2,1.013,76,38.494,81,41.0265,,,,,0,0,9,4.5585,111.111111111111,1.23
29395,BK Orange Sud,29/09/2025 00:00:00,05/10/2025 00:00:00,11,Chambre froide négative,SOLIDE,FOOD,DESSERT,G001006,MUFFIN OREO,pièce,#,,72,58.1184,0,0,6,4.8432,66,0.8072,53.2752,,,5,4.036,32,25.8304,37,29.8664,5,4.036,,,5,4.036,24,19.3728,178.378378378378,0.9
29395,BK Orange Sud,29/09/2025 00:00:00,05/10/2025 00:00:00,13,Reserve entretien,FGX,ENTRETIEN,ENTRETIEN,G000270,MULTIPURPOSE CLEANER - NETTOYANT PLONGE,au L,#,#,20,105,0,0,20,105,0,0,0,,,,,,,0,0,,,,,0,0,0,0,0,0
29395,BK Orange Sud,29/09/2025 00:00:00,05/10/2025 00:00:00,14,Réserve sèche,SOLIDE,FOOD,INGREDIENT DESSERT,G000565,NAPPAGE CARAMEL,au Kg,#,#,9.1,38.18542,20.8,87.2809808,16.9,70.91578,13,4.1962016,54.5506208,0.273,1.14555987,0.133,0.558092871,8.582,36.011779818,8.988,37.715432559,,,,,0,0,4.012,16.8351544,144.637294170004,0.18
29395,BK Orange Sud,29/09/2025 00:00:00,05/10/2025 00:00:00,14,Réserve sèche,SOLIDE,FOOD,INGREDIENT DESSERT,G000564,NAPPAGE CHOCOLAT,au Kg,#,#,15.6,80.75964,5.2,26.9198956,9.1,47.10979,11.7,5.17690133333333,60.5697456,0.336,1.739439744,0.21,1.08714984,6.013,31.1286997,6.559,33.955289284,,,,,0,0,5.141,26.6144429,178.380850739442,0.16
29395,BK Orange Sud,29/09/2025 00:00:00,05/10/2025 00:00:00,14,Réserve sèche,SOLIDE,FOOD,INGREDIENT DESSERT,G000652,NAPPAGE FRAMBOISE,au Kg,#,#,7.37,50.12337,0,0,7.37,50.12337,0,0,0,,,,,,,0,0,,,,,0,0,0,0,0,0
29395,BK Orange Sud,29/09/2025 00:00:00,05/10/2025 00:00:00,14,Réserve sèche,SOLIDE,FOOD,INGREDIENT DESSERT,G000977,NAPPAGE PISTACHE DUBAÏ STYLE,au Kg,,,,,0,0,,,0,0,0,,,0.017,0.26554,0.255,3.9831,0.272,4.24864,,,,,0,0,-0.272,-4.24864,0,0
29395,BK Orange Sud,29/09/2025 00:00:00,05/10/2025 00:00:00,14,Réserve sèche,SOLIDE,FOOD,INGREDIENT DESSERT,G000806,NAPPAGE SPECULOOS,au Kg,#,#,10,84.75,8,67.8,16,135.6,2,8.475,16.95,0.147,1.245825,0.021,0.177975,3.024,25.6284,3.192,27.0522,,,,,0,0,-1.192,-10.1022,62.65664160401,0.03
29395,BK Orange Sud,29/09/2025 00:00:00,05/10/2025 00:00:00,14,Réserve sèche,SOLIDE,FOOD,INGREDIENT DESSERT,G000926,NAPPAGE WHITE NUTTY,au Kg,,#,8,59.56,0,0,,,8,7.445,59.56,,,0.063,0.469035,0.168,1.25076,0.231,1.719795,9.75,72.58875,,,9.75,72.58875,-1.981,-14.748545,3463.20346320346,0.11
29395,BK Orange Sud,29/09/2025 00:00:00,05/10/2025 00:00:00,12,Chambre froide positive,LIQUIDE,BOISSON,BOISSON,G000987,NECTAR DE POMME 20CL,pièce,,,,,0,0,,,0,0,0,,,1,0.367,82,30.094,83,30.461,,,,,0,0,-83,-30.461,0,0
29395,BK Orange Sud,29/09/2025 00:00:00,05/10/2025 00:00:00,13,Reserve entretien,FGX,ENTRETIEN,ENTRETIEN,G000633,NETTOYANT LAIT MACHINE A CAFE,pièce,,,200,374.42,0,0,200,374.42,0,0,0,,,,,,,0,0,,,,,0,0,0,0,0,0
29395,BK Orange Sud,29/09/2025 00:00:00,05/10/2025 00:00:00,13,Reserve entretien,FGX,ENTRETIEN,ENTRETIEN,G000348,NETTOYANT MACHINE A CAFE,pièce,#,#,150,33.675,0,0,150,33.675,0,0,0,,,,,,,0,0,,,,,0,0,0,0,0,0
29395,BK Orange Sud,29/09/2025 00:00:00,05/10/2025 00:00:00,13,Reserve entretien,FGX,ENTRETIEN,ENTRETIEN,G000684,NETTOYANT PRODUIT RINCAGE LAVE-VAISSELLE,au L,#,#,17.5,139.8915,0,0,20,159.876,-2.5,7.9938,-19.9845,,,,,,,0,0,,,,,0,0,-2.5,-19.9845,0,-0.03
29395,BK Orange Sud,29/09/2025 00:00:00,05/10/2025 00:00:00,11,Chambre froide négative,SOLIDE,FOOD,POULET,G000110,NUGGETS CHICKEN,pièce,#,#,2280,221.16,6840,663.48,2310,224.07,6810,0.097,660.57,423,41.031,80,7.76,5815,564.055,6318,612.846,176,17.072,,,176,17.072,316,30.652,107.787274453941,92.85
29395,BK Orange Sud,29/09/2025 00:00:00,05/10/2025 00:00:00,11,Chambre froide négative,SOLIDE,FOOD,INGR SALADE&SANDWICH,G000849,NUGGETS VEGGIE DINO,pièce,,,156,20.9508,0,0,156,20.9508,0,0,0,,,,,,,0,0,,,,,0,0,0,0,0,0
29395,BK Orange Sud,29/09/2025 00:00:00,05/10/2025 00:00:00,14,Réserve sèche,SOLIDE,FOOD,INGREDIENT DESSERT,G000586,NUTELLA,au Kg,#,#,17,135.0939,12,95.3604,19,150.9873,10,7.9467,79.467,0.576,4.577298624,0.036,0.286080984,3.204,25.461223596,3.816,30.324603204,1.5,11.92005,,,1.5,11.92005,4.684,37.2223428,262.054507337526,0.14
29395,BK Orange Sud,29/09/2025 00:00:00,05/10/2025 00:00:00,12,Chambre froide positive,LIQUIDE,BOISSON,BOISSON,G000938,OASIS CITRON/CITRON VERT 33CL,pièce,,,15,8.7,0,0,15,8.7,0,0,0,,,,,,,0,0,,,,,0,0,0,0,0,0
29395,BK Orange Sud,29/09/2025 00:00:00,05/10/2025 00:00:00,15,Réserves boissons,LIQUIDE,BOISSON,BOISSON,G000731,OASIS TROPICAL - BIB,au L,#,#,43,157.1306,19,69.4298,25.9,94.64378,36.1,3.6542,131.91662,,,0.724,2.6456408,29.758,108.741713358,30.482,111.387354158,,,,,0,0,5.618,20.5292956,118.430549176563,0.49
29395,BK Orange Sud,29/09/2025 00:00:00,05/10/2025 00:00:00,12,Chambre froide positive,SOLIDE,FOOD,INGR SALADE&SANDWICH,G000206,OIGNONS FRAIS (ENTIERS),au Kg,#,#,17.5,18.55,35,37.1,7.5,7.95,45,1.06,47.7,0.028,0.02968,0.259,0.27454,34.832,36.92192,35.119,37.22614,19.849,21.039364379,,,19.849,21.039364379,-9.968,-10.56608,128.135766963752,0.61
29395,BK Orange Sud,29/09/2025 00:00:00,05/10/2025 00:00:00,14,Réserve sèche,SOLIDE,FOOD,INGR SALADE&SANDWICH,G000045,OIGNONS FRITS,au Kg,#,#,21,77.952,40,148.48,36,133.632,25,3.712,92.8,0.484,1.796608,0.252,0.935424,40.596,150.692352,41.332,153.424384,1.972,7.31995554,,,1.972,7.31995554,-18.304,-67.944448,60.4858221232943,0.34
29395,BK Orange Sud,29/09/2025 00:00:00,05/10/2025 00:00:00,11,Chambre froide négative,SOLIDE,FOOD,INGR SALADE&SANDWICH,G000522,OIGNONS RISSOLES/CARAMELISES,au Kg,#,#,27,77.3091,36,94.678776,32,86.0544,31,2.77204761290323,85.933476,,,0.105,0.292601925,29.799,82.291458249,29.904,82.584060174,2.416,6.827381648,,,2.416,6.827381648,-1.32,-3.549744,103.66506153023,0.42
29395,BK Orange Sud,29/09/2025 00:00:00,05/10/2025 00:00:00,11,Chambre froide négative,SOLIDE,FOOD,SNACK & FRITE,G000010,ONION RINGS,pièce,#,#,3168,104.8608,7920,262.152,0,0,11088,0.0331,367.0128,289,9.5659,69,2.2839,9611,318.1241,9969,329.9739,110,3.641,,,110,3.641,1009,33.3979,111.224796870298,151.18
29395,BK Orange Sud,29/09/2025 00:00:00,05/10/2025 00:00:00,14,Réserve sèche,FGX,PAPER,EMBALLAGE,G001007,PACK KING SAUCES,pièce,,,129,19.5822,0,0,112,17.0016,17,0.1518,2.5806,,,,,17,2.5806,17,2.5806,,,,,0,0,0,0,100,0.23
29395,BK Orange Sud,29/09/2025 00:00:00,05/10/2025 00:00:00,14,Réserve sèche,FGX,PAPER,GOBELET & COUVERCLE,G000499,PAILLES DROITE PAPIER,pièce,,,5953.6,76.80144,0,0,5890.4,75.98616,63.2,0.0129,0.81528,,,6,0.0774,57.2,0.73788,63.2,0.81528,,,,,0,0,0,0,100,0.86
29395,BK Orange Sud,29/09/2025 00:00:00,05/10/2025 00:00:00,11,Chambre froide négative,SOLIDE,FOOD,BUN,G000812,PAIN DE MIE BRIOCHE / SURG,pièce,#,#,499.5,31.6683,555,35.187,407,25.8038,647.5,0.0634,41.0515,22,1.3948,22,1.3948,546,34.6164,590,37.406,4,0.2536,,,4,0.2536,53.5,3.3919,109.745762711864,8.83
29395,BK Orange Sud,29/09/2025 00:00:00,05/10/2025 00:00:00,13,Reserve entretien,FGX,ENTRETIEN,ENTRETIEN,G000184,PAPIER WC FEUILLE / FEUILLE,pièce,#,#,22,128.8276,12,70.2804,29,169.8385,5,5.8539,29.2695,,,,,,,0,0,,,,,0,0,5,29.2825,0,0.07
29395,BK Orange Sud,29/09/2025 00:00:00,05/10/2025 00:00:00,11,Chambre froide négative,SOLIDE,FOOD,POULET,G000009,PATTY CHICKEN LONG,pièce,,,162,93.0528,0,0,162,93.0528,0,0,0,,,,,,,0,0,,,,,0,0,0,0,0,0
29395,BK Orange Sud,29/09/2025 00:00:00,05/10/2025 00:00:00,11,Chambre froide négative,SOLIDE,FOOD,POULET,G000686,PATTY CHICKEN PREMIUM,pièce,#,#,174,159.7842,1152,1069.304832,420,390.348,906,0.925762728476821,838.741032,13,12.036388,9,8.329194,846,783.014454,868,803.380036,19,17.523985,,,19,17.523985,19,17.6586,104.377880184332,12.35
29395,BK Orange Sud,29/09/2025 00:00:00,05/10/2025 00:00:00,11,Chambre froide négative,SOLIDE,FOOD,INGR SALADE&SANDWICH,G000744,PATTY CHICKEN VEGGIE,pièce,#,#,66.5,43.4511,228,146.0796,143,91.6344,151.5,0.646180198019802,97.8963,,,,,111,71.97462,111,71.97462,38,24.3504,,,38,24.3504,2.5,1.602,136.486486486486,2.07
29395,BK Orange Sud,29/09/2025 00:00:00,05/10/2025 00:00:00,11,Chambre froide négative,SOLIDE,FOOD,POULET,G000592,PATTY CRISPY CHICKEN SS EPICE,pièce,#,#,459,191.5866,1190,516.28983,775,335.1875,874,0.426417540045767,372.68893,18,7.7076,13,5.509998,816,348.077856,847,361.295454,16,6.772,,,16,6.772,11,4.7575,103.18772136954,11.92
29395,BK Orange Sud,29/09/2025 00:00:00,05/10/2025 00:00:00,11,Chambre froide négative,SOLIDE,FOOD,INGR SALADE&SANDWICH,G000837,PATTY EMMENTAL MOZZA,pièce,,,44,25.9776,0,0,44,25.9776,0,0,0,,,,,,,0,0,,,,,0,0,0,0,0,0
29395,BK Orange Sud,29/09/2025 00:00:00,05/10/2025 00:00:00,11,Chambre froide négative,SOLIDE,FOOD,POISSON,G000425,PATTY FISH,pièce,#,#,337.5,148.635,360,158.544,292.5,128.817,405,0.4404,178.362,1,0.4404,14,6.1656,364,160.3056,379,166.9116,5,2.202,,,5,2.202,21,9.2484,106.860158311346,5.52
29395,BK Orange Sud,29/09/2025 00:00:00,05/10/2025 00:00:00,11,Chambre froide négative,SOLIDE,FOOD,BŒUF,G000075,PATTY HAMBURGER,pièce,#,#,2357.2,1001.33856,3408,1522.748928,2272,1003.3152,3493.2,0.435352195121951,1520.772288,50,21.7602,43,18.599392,3151,1371.605092,3244,1411.964684,166,72.191906,,,166,72.191906,83.2,36.74112,107.681874229346,47.63
29395,BK Orange Sud,29/09/2025 00:00:00,05/10/2025 00:00:00,11,Chambre froide négative,SOLIDE,FOOD,BŒUF,G000524,PATTY MASTER,pièce,#,#,773,966.9457,1260,1655.66016,980,1272.726,1053,1.28193718898386,1349.87986,,,3,3.877299,1041,1334.027967,1044,1337.905266,21,26.900181,,,21,26.900181,-12,-15.5844,100.862068965517,14.36
29395,BK Orange Sud,29/09/2025 00:00:00,05/10/2025 00:00:00,11,Chambre froide négative,SOLIDE,FOOD,INGR SALADE&SANDWICH,G000955,PATTY MOZZARELLA,pièce,,,624,309.7536,0,0,624,309.7536,0,0,0,,,,,,,0,0,,,,,0,0,0,0,0,0
29395,BK Orange Sud,29/09/2025 00:00:00,05/10/2025 00:00:00,11,Chambre froide négative,SOLIDE,FOOD,INGR SALADE&SANDWICH,G001004,PATTY REBLOCHON,pièce,#,,360,242.568,1080,727.704,860,579.468,580,0.6738,390.804,,,,,566,381.3708,566,381.3708,11,7.4118,,,11,7.4118,3,2.0214,102.473498233216,7.91
29395,BK Orange Sud,29/09/2025 00:00:00,05/10/2025 00:00:00,11,Chambre froide négative,SOLIDE,FOOD,INGR SALADE&SANDWICH,G000583,PATTY VEGGIE FLEUR,pièce,#,#,203,123.7691,100,59.77,200,121.06,103,0.606593203883495,62.4791,,,1,0.6053,83,50.301486,84,50.906786,24,14.571192,,,24,14.571192,-5,-3.0265,122.619047619048,1.4
29395,BK Orange Sud,29/09/2025 00:00:00,05/10/2025 00:00:00,11,Chambre froide négative,SOLIDE,FOOD,BŒUF,G000180,PATTY WHOPPER,pièce,#,#,954,965.6388,3300,3522.3408,1786,1906.555,2468,1.04595810372771,2581.4246,6,6.224898,12,12.608592,2268,2372.187384,2286,2391.020874,130,135.39838,,,130,135.39838,52,55.51,107.961504811899,33.65
29395,BK Orange Sud,29/09/2025 00:00:00,05/10/2025 00:00:00,13,Reserve entretien,FGX,ENTRETIEN,ENTRETIEN,G000252,PELLE ET BALAYETTE NOIRE SALLE MARIASET,pièce,,,3,32.76,0,0,3,32.76,0,0,0,,,,,,,0,0,,,,,0,0,0,0,0,0
29395,BK Orange Sud,29/09/2025 00:00:00,05/10/2025 00:00:00,12,Chambre froide positive,SOLIDE,FOOD,INGR SALADE&SANDWICH,G000646,PENNE AIL BASILIC,au Kg,#,#,5.4,30.06018,0,0,0.6,3.34002,4.8,5.5667,26.72016,,,,,3.06,17.034102,3.06,17.034102,1.92,10.68805056,,,1.92,10.68805056,-0.18,-1.002006,156.862745098039,0.07
29395,BK Orange Sud,29/09/2025 00:00:00,05/10/2025 00:00:00,14,Réserve sèche,SOLIDE,FOOD,INGR SALADE&SANDWICH,G000646,PENNE AIL BASILIC,au Kg,#,#,,,0,0,0,0,0,0,0,,,,,,,0,0,,,,,0,0,0,0,0,0
29395,BK Orange Sud,29/09/2025 00:00:00,05/10/2025 00:00:00,13,Reserve entretien,FGX,ENTRETIEN,ENTRETIEN,G000472,PEP-EX - NETTOYANT GRAFFITI,pièce,,,8,40.2496,0,0,8,40.2496,0,0,0,,,,,,,0,0,,,,,0,0,0,0,0,0
29395,BK Orange Sud,29/09/2025 00:00:00,05/10/2025 00:00:00,14,Réserve sèche,FGX,PAPER,GOBELET & COUVERCLE,G000471,PIC MINI BOIS - KING FRIES,pièce,#,#,4000,42.8,0,0,0,0,4000,0.0107,42.8,12,0.1059,22,0.19789,2152,19.875872,2186,20.179662,1,0.0107,,,1,0.0107,1813,5.8016,182.982616651418,54.54
29395,BK Orange Sud,29/09/2025 00:00:00,05/10/2025 00:00:00,13,Reserve entretien,FGX,ENTRETIEN,ENTRETIEN,G000124,PLATEAU DE SERVICE,pièce,,,583,1089.2772,0,0,583,1089.2772,0,0,0,,,,,,,0,0,,,,,0,0,0,0,0,0
29395,BK Orange Sud,29/09/2025 00:00:00,05/10/2025 00:00:00,14,Réserve sèche,FGX,ENTRETIEN,ENTRETIEN,G000124,PLATEAU DE SERVICE,pièce,,,,,0,0,0,0,0,0,0,,,,,,,0,0,,,,,0,0,0,0,0,0
29395,BK Orange Sud,29/09/2025 00:00:00,05/10/2025 00:00:00,12,Chambre froide positive,SOLIDE,FOOD,DESSERT,G000379,POM'POTES,pièce,#,#,182,44.317,240,58.44,356,86.686,66,0.2435,16.071,,,7,1.7045,121,29.4635,128,31.168,,,,,0,0,-62,-15.097,51.5625,0.9
29395,BK Orange Sud,29/09/2025 00:00:00,05/10/2025 00:00:00,14,Réserve sèche,CONSO,BULK PAPER,BULK PAPER,G000618,PORTE GOBELET X2,pièce,#,#,1245,67.728,2000,108.8,1500,81.6,1745,0.0544,94.928,,,,,,,0,0,,,,,0,0,1745,94.928,0,23.79
29395,BK Orange Sud,29/09/2025 00:00:00,05/10/2025 00:00:00,14,Réserve sèche,FGX,PAPER,GOBELET & COUVERCLE,G000049,POT KING FUSION,pièce,#,#,900,48.06,1000,53.4,1550,82.77,350,0.0534,18.69,48,2.5632,20,1.068,614,32.7876,682,36.4188,,,,,0,0,-332,-17.7288,51.3196480938416,4.77
29395,BK Orange Sud,29/09/2025 00:00:00,05/10/2025 00:00:00,14,Réserve sèche,FGX,PAPER,GOBELET & COUVERCLE,G000598,POT MINI FUSION,pièce,#,#,750,35.175,1000,46.9,1600,75.04,150,0.0469,7.035,15,0.7035,5,0.2345,591,27.7179,611,28.6559,,,,,0,0,-461,-21.6209,24.5499181669394,2.05
29395,BK Orange Sud,29/09/2025 00:00:00,05/10/2025 00:00:00,14,Réserve sèche,FGX,PAPER,GOBELET & COUVERCLE,G000032,POT SUNDAE,pièce,#,#,1150,56.005,0,0,2100,102.27,-950,0.0487,-46.265,,,4,0.1948,276,13.4412,280,13.636,,,,,0,0,-1230,-59.901,-339.285714285714,-12.95
29395,BK Orange Sud,29/09/2025 00:00:00,05/10/2025 00:00:00,11,Chambre froide négative,SOLIDE,FOOD,INGR SALADE&SANDWICH,G000965,POTATO PANCAKE,pièce,,,88,19.1048,0,0,88,19.1048,0,0,0,,,,,,,0,0,,,,,0,0,0,0,0,0
29395,BK Orange Sud,29/09/2025 00:00:00,05/10/2025 00:00:00,13,Reserve entretien,FGX,ENTRETIEN,ENTRETIEN,G000293,POUBELLE INOX 12L CLIENT,pièce,,,10,221.4,0,0,10,221.4,0,0,0,,,,,,,0,0,,,,,0,0,0,0,0,0
29395,BK Orange Sud,29/09/2025 00:00:00,05/10/2025 00:00:00,13,Reserve entretien,FGX,ENTRETIEN,ENTRETIEN,G000296,RACLETTE SOL BLEUE,pièce,,,2,30,0,0,2,30,0,0,0,,,,,,,0,0,,,,,0,0,0,0,0,0
29395,BK Orange Sud,29/09/2025 00:00:00,05/10/2025 00:00:00,13,Reserve entretien,FGX,ENTRETIEN,ENTRETIEN,G000298,RACLETTE SOL ROUGE,pièce,,,4,60.2,0,0,4,60.2,0,0,0,,,,,,,0,0,,,,,0,0,0,0,0,0
29395,BK Orange Sud,29/09/2025 00:00:00,05/10/2025 00:00:00,13,Reserve entretien,FGX,ENTRETIEN,ENTRETIEN,G000342,RECHARGE - PARFUM WC,pièce,,,4,30.03,0,0,4,30.03,0,0,0,,,,,,,0,0,,,,,0,0,0,0,0,0
29395,BK Orange Sud,29/09/2025 00:00:00,05/10/2025 00:00:00,13,Reserve entretien,FGX,ENTRETIEN,ENTRETIEN,G000300,RECHARGE RACLETTE SOL,pièce,,,4,29.42,0,0,4,29.42,0,0,0,,,,,,,0,0,,,,,0,0,0,0,0,0
29395,BK Orange Sud,29/09/2025 00:00:00,05/10/2025 00:00:00,14,Réserve sèche,CONSO,BULK PAPER,BULK PAPER,G000581,ROULEAU ADHESIF IMPRIMANTE CUISINE,pièce,#,#,5,28.629,12,68.7096,12,68.7096,5,5.7258,28.629,,,,,,,0,0,,,,,0,0,5,28.629,0,0.07
29395,BK Orange Sud,29/09/2025 00:00:00,05/10/2025 00:00:00,14,Réserve sèche,CONSO,BULK PAPER,BULK PAPER,G000133,ROULEAU DE CAISSE,pièce,#,#,30,40.059,0,0,18,24.0354,12,1.3353,16.0236,,,,,,,0,0,,,,,0,0,12,16.0236,0,0.16
29395,BK Orange Sud,29/09/2025 00:00:00,05/10/2025 00:00:00,14,Réserve sèche,CONSO,BULK PAPER,BULK PAPER,G000757,ROULEAU ETIQUETTE SATO ,pièce,#,#,62400,93.6,0,0,47200,70.8,15200,0.0015,22.8,,,,,,,0,0,,,,,0,0,15200,22.8,0,207.25
29395,BK Orange Sud,29/09/2025 00:00:00,05/10/2025 00:00:00,14,Réserve sèche,CONSO,BULK PAPER,BULK PAPER,G000619,SAC A EMPORTER DELIVERY,pièce,#,#,375,34.9875,250,23.325,375,34.9875,250,0.0933,23.325,,,,,,,0,0,,,,,0,0,250,23.325,0,3.41
29395,BK Orange Sud,29/09/2025 00:00:00,05/10/2025 00:00:00,14,Réserve sèche,FGX,PAPER,EMBALLAGE,G000593,SAC KJ/KJ+ PROMO // SAC GEN,pièce,#,,,,1000,31.3,1000,31.3,0,0,0,,,,,633,19.8129,633,19.8129,,,,,0,0,-633,-19.8129,0,0
29395,BK Orange Sud,29/09/2025 00:00:00,05/10/2025 00:00:00,13,Reserve entretien,FGX,ENTRETIEN,ENTRETIEN,G000550,SAC POUBELLE 120L TRANSPARENT,pièce,#,#,600,60,0,0,400,40,200,0.1,20,,,,,,,0,0,,,,,0,0,200,20,0,2.73
29395,BK Orange Sud,29/09/2025 00:00:00,05/10/2025 00:00:00,13,Reserve entretien,FGX,ENTRETIEN,ENTRETIEN,G000302,SAC POUBELLE 130L SALLE,pièce,,,400,51.24,0,0,400,51.24,0,0,0,,,,,,,0,0,,,,,0,0,0,0,0,0
29395,BK Orange Sud,29/09/2025 00:00:00,05/10/2025 00:00:00,13,Reserve entretien,FGX,ENTRETIEN,ENTRETIEN,G000303,SAC POUBELLE 20L WC,pièce,,,1850,27.75,0,0,1850,27.75,0,0,0,,,,,,,0,0,,,,,0,0,0,0,0,0
29395,BK Orange Sud,29/09/2025 00:00:00,05/10/2025 00:00:00,13,Reserve entretien,FGX,ENTRETIEN,ENTRETIEN,G000545,SAC POUBELLE 45L,pièce,,,2000,100,0,0,2000,100,0,0,0,,,,,,,0,0,,,,,0,0,0,0,0,0
29395,BK Orange Sud,29/09/2025 00:00:00,05/10/2025 00:00:00,13,Reserve entretien,FGX,ENTRETIEN,ENTRETIEN,G000547,SAC POUBELLE 45L TRANSPARENT,pièce,#,#,1500,75,0,0,1000,50,500,0.05,25,,,,,,,0,0,,,,,0,0,500,25,0,6.82
29395,BK Orange Sud,29/09/2025 00:00:00,05/10/2025 00:00:00,14,Réserve sèche,CONSO,BULK PAPER,BULK PAPER,G000134,SAC VAE 12LB GRAND,pièce,#,#,1000,34,0,0,1060,36.04,-60,0.034,-2.04,,,,,,,0,0,,,,,0,0,-60,-2.04,0,-0.82
29395,BK Orange Sud,29/09/2025 00:00:00,05/10/2025 00:00:00,14,Réserve sèche,CONSO,BULK PAPER,BULK PAPER,G000136,SAC VAE 4LB PETIT,pièce,#,#,2800,55.16,1000,19.7,4000,78.8,-200,0.0197,-3.94,,,,,,,0,0,,,,,0,0,-200,-3.94,0,-2.73
29395,BK Orange Sud,29/09/2025 00:00:00,05/10/2025 00:00:00,14,Réserve sèche,CONSO,BULK PAPER,BULK PAPER,G000135,SAC VAE 8LB MOYEN,pièce,,,,,2000,62.6,2000,62.6,0,0,0,,,,,,,0,0,,,,,0,0,0,0,0,0
29395,BK Orange Sud,29/09/2025 00:00:00,05/10/2025 00:00:00,14,Réserve sèche,CONSO,BULK PAPER,BULK PAPER,G000329,SAC VAE A POIGNEES,pièce,#,#,1125,103.3875,1000,93.4,790,73.312,1335,0.0924910112359551,123.4755,,,,,,,0,0,,,,,0,0,1335,123.888,0,18.2
29395,BK Orange Sud,29/09/2025 00:00:00,05/10/2025 00:00:00,14,Réserve sèche,FGX,PAPER,EMBALLAGE,G000745,SACHET A PATISSERIES,pièce,#,#,2600,34.84,0,0,2000,26.8,600,0.0134,8.04,1.47,0.019698,5.88,0.078792,96.53,1.293502,103.88,1.391992,2.45,0.032585,,,2.45,0.032585,493.67,6.615178,577.589526376588,8.18
29395,BK Orange Sud,29/09/2025 00:00:00,05/10/2025 00:00:00,14,Réserve sèche,FGX,PAPER,EMBALLAGE,G000680,SACHET CHILI CHEESE 4/6/9,pièce,#,#,1800,34.2,0,0,1600,30.4,200,0.019,3.8,30,0.57,1,0.019,288,5.472,319,6.061,1,0.019,,,1,0.019,-120,-2.28,62.6959247648903,2.73
29395,BK Orange Sud,29/09/2025 00:00:00,05/10/2025 00:00:00,14,Réserve sèche,FGX,PAPER,EMBALLAGE,G000331,SACHET FRITE GRAND,pièce,#,#,6600,51.48,0,0,6000,46.8,600,0.0078,4.68,,,14,0.1092,983,7.6674,997,7.7766,,,,,0,0,-397,-3.0966,60.1805416248746,8.18
29395,BK Orange Sud,29/09/2025 00:00:00,05/10/2025 00:00:00,14,Réserve sèche,FGX,PAPER,EMBALLAGE,G000334,SACHET FRITE MOYEN,pièce,#,#,2000,14.2,4000,28.4,6000,42.6,0,0,0,13,0.0923,20,0.142,1353,9.6063,1386,9.8406,,,,,0,0,-1386,-9.8406,0,0
29395,BK Orange Sud,29/09/2025 00:00:00,05/10/2025 00:00:00,14,Réserve sèche,FGX,PAPER,EMBALLAGE,G000335,SACHET FRITE PETIT,pièce,#,#,32000,198.4,0,0,10000,62,22000,0.0062,136.4,,,6,0.0372,895,5.549,901,5.5862,,,,,0,0,21099,130.8138,2441.73140954495,299.96
29395,BK Orange Sud,29/09/2025 00:00:00,05/10/2025 00:00:00,14,Réserve sèche,FGX,PAPER,EMBALLAGE,G000656,SACHET NUGGETS,pièce,#,,,,0,0,2000,40.4,-2000,0.0202,-40.4,72,1.4544,7,0.1414,718,14.5036,797,16.0994,3,0.0606,,,3,0.0606,-2800,-56.56,-250.941028858218,-27.27
29395,BK Orange Sud,29/09/2025 00:00:00,05/10/2025 00:00:00,14,Réserve sèche,FGX,PAPER,EMBALLAGE,G000679,SACHET ONION RINGS 4/6/9,pièce,#,#,2000,40.4,0,0,1000,20.2,1000,0.0202,20.2,39,0.7878,9,0.1818,856,17.2912,904,18.2608,3,0.0606,,,3,0.0606,93,1.8786,110.619469026549,13.63
29395,BK Orange Sud,29/09/2025 00:00:00,05/10/2025 00:00:00,14,Réserve sèche,FGX,PAPER,EMBALLAGE,G000681,SACHET SNACKS S/M/L,pièce,#,#,1400,27.44,0,0,1600,31.36,-200,0.0196,-3.92,,,,,,,0,0,,,,,0,0,-200,-3.92,0,-2.73
29395,BK Orange Sud,29/09/2025 00:00:00,05/10/2025 00:00:00,14,Réserve sèche,FGX,PAPER,EMBALLAGE,G001003,SACHET X2P - KRISPPER TENDERS,pièce,#,#,1600,32.32,0,0,1800,36.36,-200,0.0202,-4.04,,,,,124,2.5048,124,2.5048,1,0.0202,,,1,0.0202,-325,-6.565,-161.290322580645,-2.73
29395,BK Orange Sud,29/09/2025 00:00:00,05/10/2025 00:00:00,12,Chambre froide positive,SOLIDE,FOOD,INGR SALADE&SANDWICH,G000196,SALADE ICEBERG,au Kg,#,#,57,152.19,130,347.1,70,186.9,117,2.67,312.39,0.718,1.91706,0.945,2.52315,70.995,189.55665,72.658,193.99686,25.605,68.365580445,,,25.605,68.365580445,18.737,50.02779,161.028379531504,1.6
29395,BK Orange Sud,29/09/2025 00:00:00,05/10/2025 00:00:00,12,Chambre froide positive,SOLIDE,FOOD,INGR SALADE&SANDWICH,G000525,SALADE ROQUETTE,au Kg,#,#,7,47.3375,4.8,32.46,4,27.05,7.8,6.7625,52.7475,,,0.006,0.040575,2.733,18.481926165,2.739,18.522501165,6.159,41.650317567,,,6.159,41.650317567,-1.098,-7.425225,284.775465498357,0.11
29395,BK Orange Sud,29/09/2025 00:00:00,05/10/2025 00:00:00,11,Chambre froide négative,SOLIDE,FOOD,INGR SALADE&SANDWICH,G000746,SAUCE BASILIC,au Kg,,,6.5,58.5,0,0,6.5,58.5,0,0,0,,,,,,,0,0,,,,,0,0,0,0,0,0
29395,BK Orange Sud,29/09/2025 00:00:00,05/10/2025 00:00:00,14,Réserve sèche,SOLIDE,FOOD,INGR SALADE&SANDWICH,G000974,SAUCE BEARNAISE - 2025,au Kg,,,0.272,0.8993952,0,0,0.272,0.8993952,0,0,0,,,,,,,0,0,,,,,0,0,0,0,0,0
29395,BK Orange Sud,29/09/2025 00:00:00,05/10/2025 00:00:00,14,Réserve sèche,SOLIDE,FOOD,INGR SALADE&SANDWICH,G000305,SAUCE CAESAR SALADE,pièce,,,,,136,21.6784,99,15.7806,37,0.1594,5.8978,,,1,0.1571,63,10.014543,64,10.171643,,,,,0,0,-27,-4.3038,57.8125,0.5
29395,BK Orange Sud,29/09/2025 00:00:00,05/10/2025 00:00:00,14,Réserve sèche,SOLIDE,FOOD,INGR SALADE&SANDWICH,G000498,SAUCE CAJUN MAYO,au Kg,#,#,16.5,49.0677,32,95.1616,18,53.5284,30.5,2.9738,90.7009,0.638,1.897283762,0.448,1.332262848,24.726,73.5301788,25.812,76.75972541,0.088,0.261597864,,,0.088,0.261597864,4.6,13.67948,118.162095149543,0.42
29395,BK Orange Sud,29/09/2025 00:00:00,05/10/2025 00:00:00,12,Chambre froide positive,SOLIDE,FOOD,SNACK & FRITE,G000468,SAUCE CHEDDAR - KING FRIES,au Kg,#,,,,160.8,746.53008,119.93,557.290724,40.87,4.63027540983607,189.239356,0.615,2.868734535,0.99,4.63088637,68.265,318.56585859,69.87,326.065479495,3.04,14.13416688,,,3.04,14.13416688,-32.04,-148.883472,58.494346643767,0.56
29395,BK Orange Sud,29/09/2025 00:00:00,05/10/2025 00:00:00,14,Réserve sèche,SOLIDE,FOOD,INGR SALADE&SANDWICH,G000228,SAUCE CHILI CHEESE,au Kg,,,12,36.09,0,0,12,36.09,0,0,0,,,,,,,0,0,,,,,0,0,0,0,0,0
29395,BK Orange Sud,29/09/2025 00:00:00,05/10/2025 00:00:00,11,Chambre froide négative,SOLIDE,FOOD,INGR SALADE&SANDWICH,G000865,SAUCE CHUTNEY DE TOMATES,au Kg,,,8.336,83.2558,0,0,8.336,83.2558,0,0,0,,,,,,,0,0,,,,,0,0,0,0,0,0
29395,BK Orange Sud,29/09/2025 00:00:00,05/10/2025 00:00:00,12,Chambre froide positive,SOLIDE,FOOD,INGR SALADE&SANDWICH,G000653,SAUCE CREAMY ECHALOTES,au Kg,#,,24,105.66,36,158.49,26,114.465,34,4.4025,149.685,,,0.14,0.61635,34.776,153.10134,34.916,153.71769,0.14,0.61638892,,,0.14,0.61638892,-1.056,-4.64904,97.3765608889907,0.46
29395,BK Orange Sud,29/09/2025 00:00:00,05/10/2025 00:00:00,12,Chambre froide positive,SOLIDE,FOOD,INGR SALADE&SANDWICH,G000981,SAUCE CREME OIGNON,au Kg,,,3.764,16.7750188,0,0,,,3.76,4.46144117021277,16.7750188,,,,,,,0,0,3,13.3701,,,3,13.3701,0.76,3.4049188,0,0.05
29395,BK Orange Sud,29/09/2025 00:00:00,05/10/2025 00:00:00,14,Réserve sèche,SOLIDE,FOOD,INGR SALADE&SANDWICH,G000753,SAUCE GOUT GRILLE (1954),au Kg,,,8,32,0,0,8,32,0,0,0,,,,,,,0,0,,,,,0,0,0,0,0,0
29395,BK Orange Sud,29/09/2025 00:00:00,05/10/2025 00:00:00,14,Réserve sèche,SOLIDE,FOOD,INGR SALADE&SANDWICH,G000995,SAUCE INSPIRATION PROVENCALE,au Kg,,,5.515,24.1187495,0,0,5.515,24.1187495,0,0,0,,,,,,,0,0,,,,,0,0,0,0,0,0
29395,BK Orange Sud,29/09/2025 00:00:00,05/10/2025 00:00:00,12,Chambre froide positive,SOLIDE,FOOD,INGR SALADE&SANDWICH,G000995,SAUCE INSPIRATION PROVENCALE,au Kg,,,,,0,0,0,0,0,0,0,,,,,,,0,0,,,,,0,0,0,0,0,0
29395,BK Orange Sud,29/09/2025 00:00:00,05/10/2025 00:00:00,11,Chambre froide négative,SOLIDE,FOOD,INGR SALADE&SANDWICH,G000864,SAUCE JALAPENOS,au Kg,,,7.5,79.59375,0,0,7.5,79.59375,0,0,0,,,,,,,0,0,,,,,0,0,0,0,0,0
29395,BK Orange Sud,29/09/2025 00:00:00,05/10/2025 00:00:00,14,Réserve sèche,SOLIDE,FOOD,INGR SALADE&SANDWICH,G000944,SAUCE JEFE KING - NINHO,au Kg,,,14,63.105,0,0,14,63.105,0,0,0,,,,,,,0,0,,,,,0,0,0,0,0,0
29395,BK Orange Sud,29/09/2025 00:00:00,05/10/2025 00:00:00,14,Réserve sèche,SOLIDE,FOOD,INGR SALADE&SANDWICH,G000092,SAUCE KING / BIG KING,au Kg,#,#,23,57.1872,14,34.8096,33,82.0512,4,2.4864,9.9456,0.028,0.069618976,0.242,0.601707832,12.989,32.295823622,13.259,32.96715043,0.107,0.266096909,,,0.107,0.266096909,-9.366,-23.2876224,30.1681876461272,0.05
29395,BK Orange Sud,29/09/2025 00:00:00,05/10/2025 00:00:00,14,Réserve sèche,SOLIDE,FOOD,INGR SALADE&SANDWICH,G000506,SAUCE MOUTARDE À L'ANCIENNE,au Kg,#,,40.196,112.4161532,6,16.7802,1.896,5.3025432,44.3,2.7967,123.89381,,,,,5.264,14.7218288,5.264,14.7218288,0.528,1.476648624,,,0.528,1.476648624,38.508,107.6953236,841.565349544073,0.6
29395,BK Orange Sud,29/09/2025 00:00:00,05/10/2025 00:00:00,12,Chambre froide positive,SOLIDE,FOOD,INGR SALADE&SANDWICH,G000506,SAUCE MOUTARDE À L'ANCIENNE,au Kg,#,,,,0,0,16,44.7472,-16,2.7967,-44.7472,,,,,,,0,0,,,,,0,0,-16,-44.7472,0,-0.22
29395,BK Orange Sud,29/09/2025 00:00:00,05/10/2025 00:00:00,12,Chambre froide positive,SOLIDE,FOOD,SNACK & FRITE,G000768,SAUCE RACLETTE FUMEE - KING FRIES,au Kg,#,,15,96.57,35,225.33,34,218.892,16,6.438,103.008,0.03,0.19314,0.015,0.09657,12.69,81.69822,12.735,81.98793,0.73,4.69969766,,,0.73,4.69969766,2.535,16.32033,125.638005496663,0.22
29395,BK Orange Sud,29/09/2025 00:00:00,05/10/2025 00:00:00,14,Réserve sèche,SOLIDE,FOOD,INGR SALADE&SANDWICH,G000831,SAUCE SPICY ANDALOUSE,au Kg,,,6,24.63,0,0,6,24.63,0,0,0,,,,,,,0,0,,,,,0,0,0,0,0,0
29395,BK Orange Sud,29/09/2025 00:00:00,05/10/2025 00:00:00,14,Réserve sèche,SOLIDE,FOOD,INGR SALADE&SANDWICH,G000141,SAUCE WESTERN BBQ,au Kg,#,#,14,26.215,16,29.96,17,31.8325,13,1.8725,24.3425,0.078,0.146055936,0.135,0.2527929,15.702,29.402026404,15.915,29.80087524,0.175,0.32779285,,,0.175,0.32779285,-3.09,-5.786025,81.6839459629281,0.18
29395,BK Orange Sud,29/09/2025 00:00:00,05/10/2025 00:00:00,13,Reserve entretien,FGX,ENTRETIEN,ENTRETIEN,G000148,SEAU ROUGE 6L SANITIZER,pièce,,,1,12.97,0,0,1,12.97,0,0,0,,,,,,,0,0,,,,,0,0,0,0,0,0
29395,BK Orange Sud,29/09/2025 00:00:00,05/10/2025 00:00:00,13,Reserve entretien,FGX,ENTRETIEN,ENTRETIEN,G000187,SEL ADOUCISSEUR,au Kg,,,125,69.35,0,0,125,69.35,0,0,0,,,,,,,0,0,,,,,0,0,0,0,0,0
29395,BK Orange Sud,29/09/2025 00:00:00,05/10/2025 00:00:00,14,Réserve sèche,SOLIDE,FOOD,SNACK & FRITE,G000202,SEL FIN / FRITES,au Kg,#,#,5.5,6.1281,12,13.3704,16,17.8272,1.5,1.1142,1.6713,0.01315,0.0146509936,0.0346,0.038550974,2.73155,3.0433509694,2.7793,3.096552937,,,,,0,0,-1.2793,-1.42539606,53.9704242075343,0.02
29395,BK Orange Sud,29/09/2025 00:00:00,05/10/2025 00:00:00,14,Réserve sèche,SOLIDE,BULK FOOD,BULK FOOD,G000194,SEL PORTION,pièce,,,4000,18,0,0,4000,18,0,0,0,,,,,,,0,0,,,,,0,0,0,0,0,0
29395,BK Orange Sud,29/09/2025 00:00:00,05/10/2025 00:00:00,14,Réserve sèche,FGX,PAPER,EMBALLAGE,G000149,SERVIETTE,pièce,#,#,13500,51.3,15000,57,12000,45.6,16500,0.0038,62.7,342,1.2996,386,1.4668,23835,90.573,24563,93.3394,100,0.38,,,100,0.38,-8163,-31.0194,67.1742051052396,224.97
29395,BK Orange Sud,29/09/2025 00:00:00,05/10/2025 00:00:00,14,Réserve sèche,CONSO,BULK PAPER,BULK PAPER,G000313,SET DE TABLE (GENERIQUE ET LTO),pièce,#,#,1000,10.4,5000,52,4000,41.6,2000,0.0104,20.8,,,,,,,0,0,,,,,0,0,2000,20.8,0,27.27
29395,BK Orange Sud,29/09/2025 00:00:00,05/10/2025 00:00:00,13,Reserve entretien,FGX,ENTRETIEN,ENTRETIEN,G000314,SOLID MULTI DÉTERGENT LAVE PLATEAUX,pièce,,,1,37.9955,0,0,1,37.9955,0,0,0,,,,,,,0,0,,,,,0,0,0,0,0,0
29395,BK Orange Sud,29/09/2025 00:00:00,05/10/2025 00:00:00,15,Réserves boissons,LIQUIDE,BOISSON,BOISSON,G000555,SPRITE SANS SUCRE - BIB,au L,#,#,35.4,106.6425,19,49.0504,43,122.1028,11.4,2.9465,33.5901,,,0.435,1.268424765,17.743,51.407113274,18.178,52.675538039,,,,,0,0,-6.778,-19.2468088,62.7131697656508,0.16
29395,BK Orange Sud,29/09/2025 00:00:00,05/10/2025 00:00:00,14,Réserve sèche,CONSO,BULK PAPER,BULK PAPER,G000759,STICKER A UTILISER EN PRIORITE,pièce,,,1000,26,0,0,1000,26,0,0,0,,,,,,,0,0,,,,,0,0,0,0,0,0
29395,BK Orange Sud,29/09/2025 00:00:00,05/10/2025 00:00:00,14,Réserve sèche,FGX,PAPER,EMBALLAGE,G000781,STICKER COCA CHERRY,pièce,,,5000,40,0,0,5000,40,0,0,0,,,,,,,0,0,,,,,0,0,0,0,0,0
29395,BK Orange Sud,29/09/2025 00:00:00,05/10/2025 00:00:00,14,Réserve sèche,FGX,PAPER,EMBALLAGE,G000782,STICKER COCA ZERO,pièce,,,4000,32.8,0,0,4000,32.8,0,0,0,,,,,,,0,0,,,,,0,0,0,0,0,0
29395,BK Orange Sud,29/09/2025 00:00:00,05/10/2025 00:00:00,14,Réserve sèche,CONSO,BULK PAPER,BULK PAPER,G000465,STICKER COURT FERMETURE SAC,pièce,,,23400,145.08,3900,24.96,27300,169.26,0,0,0.78,,,,,,,0,0,,,,,0,0,0,0,0,0
29395,BK Orange Sud,29/09/2025 00:00:00,05/10/2025 00:00:00,14,Réserve sèche,CONSO,BULK PAPER,BULK PAPER,G000622,STICKER LONG BOISSONS,pièce,,,16800,305.76,4200,77.7,21000,384.3,0,0,-0.84,,,,,,,0,0,,,,,0,0,0,0,0,0
29395,BK Orange Sud,29/09/2025 00:00:00,05/10/2025 00:00:00,14,Réserve sèche,FGX,PAPER,EMBALLAGE,G000914,STICKER NUGGETS 9+1,pièce,,,1000,3.8,0,0,1000,3.8,0,0,0,,,,,,,0,0,,,,,0,0,0,0,0,0
29395,BK Orange Sud,29/09/2025 00:00:00,05/10/2025 00:00:00,14,Réserve sèche,FGX,PAPER,EMBALLAGE,G000989,STICKER ROND - BABY BURGERS,pièce,#,,,,0,0,0,0,0,0,0,,,15,0.0945,1347,8.4861,1362,8.5806,19,0.1197,,,19,0.1197,-1381,-8.7003,0,0
29395,BK Orange Sud,29/09/2025 00:00:00,05/10/2025 00:00:00,14,Réserve sèche,FGX,PAPER,EMBALLAGE,G000658,STICKER VEGGIE,pièce,,,2142,11.781,0,0,1949,10.7195,193,0.0055,1.0615,,,1,0.0055,192,1.056,193,1.0615,,,,,0,0,0,0,100,2.63
29395,BK Orange Sud,29/09/2025 00:00:00,05/10/2025 00:00:00,14,Réserve sèche,LIQUIDE,BOISSON,BOISSON,G000161,SUCRE PORTION,pièce,#,#,3000,27.9,0,0,3000,27.9,0,0,0,6,0.0558,13,0.1209,100,0.93,119,1.1067,,,,,0,0,-119,-1.1067,0,0
29395,BK Orange Sud,29/09/2025 00:00:00,05/10/2025 00:00:00,13,Reserve entretien,FGX,ENTRETIEN,ENTRETIEN,G000085,SUPERSOAK - DEGRAISSANT LIQ.BROILER FILTRE,au L,#,#,20,73.84,0,0,20,73.84,0,0,0,,,,,,,0,0,,,,,0,0,0,0,0,0
29395,BK Orange Sud,29/09/2025 00:00:00,05/10/2025 00:00:00,13,Reserve entretien,FGX,ENTRETIEN,ENTRETIEN,G000640,SUR-CHAUSSURE JETABLE ANTIDERAPANTE,pièce,,,100,14.67,0,0,100,14.67,0,0,0,,,,,,,0,0,,,,,0,0,0,0,0,0
29395,BK Orange Sud,29/09/2025 00:00:00,05/10/2025 00:00:00,13,Reserve entretien,FGX,ENTRETIEN,ENTRETIEN,G000355,SUR-CHAUSSURE L 41-44,pièce,,,10,90,0,0,10,90,0,0,0,,,,,,,0,0,,,,,0,0,0,0,0,0
29395,BK Orange Sud,29/09/2025 00:00:00,05/10/2025 00:00:00,13,Reserve entretien,FGX,ENTRETIEN,ENTRETIEN,G000356,SUR-CHAUSSURE M 37-40,pièce,,,39,346.3785,0,0,39,346.3785,0,0,0,,,,,,,0,0,,,,,0,0,0,0,0,0
29395,BK Orange Sud,29/09/2025 00:00:00,05/10/2025 00:00:00,13,Reserve entretien,FGX,ENTRETIEN,ENTRETIEN,G000357,SUR-CHAUSSURE S 34-36,pièce,,,4,35,0,0,4,35,0,0,0,,,,,,,0,0,,,,,0,0,0,0,0,0
29395,BK Orange Sud,29/09/2025 00:00:00,05/10/2025 00:00:00,13,Reserve entretien,FGX,ENTRETIEN,ENTRETIEN,G000358,SUR-CHAUSSURE XL 45+,pièce,,,20,178.702,0,0,20,178.702,0,0,0,,,,,,,0,0,,,,,0,0,0,0,0,0
29395,BK Orange Sud,29/09/2025 00:00:00,05/10/2025 00:00:00,13,Reserve entretien,FGX,ENTRETIEN,ENTRETIEN,G000319,TABLIER,pièce,,,1000,158.1,0,0,1000,158.1,0,0,0,,,,,,,0,0,,,,,0,0,0,0,0,0
29395,BK Orange Sud,29/09/2025 00:00:00,05/10/2025 00:00:00,14,Réserve sèche,FGX,ENTRETIEN,ENTRETIEN,G000319,TABLIER,pièce,,,,,0,0,0,0,0,0,0,,,,,,,0,0,,,,,0,0,0,0,0,0
29395,BK Orange Sud,29/09/2025 00:00:00,05/10/2025 00:00:00,13,Reserve entretien,FGX,ENTRETIEN,ENTRETIEN,G000320,TAMPON / GRATTOIR FRITEUSE,pièce,,,44,74.58,0,0,44,74.58,0,0,0,,,,,,,0,0,,,,,0,0,0,0,0,0
29395,BK Orange Sud,29/09/2025 00:00:00,05/10/2025 00:00:00,13,Reserve entretien,FGX,ENTRETIEN,ENTRETIEN,G000867,TAMPON NOIR ,pièce,,,20,6,0,0,20,6,0,0,0,,,,,,,0,0,,,,,0,0,0,0,0,0
29395,BK Orange Sud,29/09/2025 00:00:00,05/10/2025 00:00:00,13,Reserve entretien,FGX,ENTRETIEN,ENTRETIEN,G000508,TAMPON PAPILLON BLEU (SURFACES SENSIBLES),pièce,,,54,34.398,0,0,54,34.398,0,0,0,,,,,,,0,0,,,,,0,0,0,0,0,0
29395,BK Orange Sud,29/09/2025 00:00:00,05/10/2025 00:00:00,13,Reserve entretien,FGX,ENTRETIEN,ENTRETIEN,G000086,TANK SUPERSOAK - BAC NETTOYAGE BROILER,pièce,,,3,1100.31,0,0,3,1100.31,0,0,0,,,,,,,0,0,,,,,0,0,0,0,0,0
29395,BK Orange Sud,29/09/2025 00:00:00,05/10/2025 00:00:00,12,Chambre froide positive,SOLIDE,FOOD,INGR SALADE&SANDWICH,G000645,TARTINABLE CREME CIBOULETTE ECHALOTTE,au Kg,#,,1.42,15.336,2.4,25.92,1.2,12.96,2.62,10.8,28.296,,,,,2.04,22.032,2.04,22.032,0.08,0.864,,,0.08,0.864,0.5,5.4,128.43137254902,0.04
29395,BK Orange Sud,29/09/2025 00:00:00,05/10/2025 00:00:00,14,Réserve sèche,FGX,MARKETING,MARKETING,G001011,TATOUAGES - OFFRE GOUTER,pièce,,,350,0,0,0,350,0,0,0,0,,,,,,,0,0,,,,,0,0,0,0,0,0
29395,BK Orange Sud,29/09/2025 00:00:00,05/10/2025 00:00:00,11,Chambre froide négative,SOLIDE,FOOD,POULET,G000994,TENDERS CHICKEN,pièce,#,#,1053,399.4029,3024,1147.0032,1350,512.055,2727,0.3793,1034.3511,,,10,3.793,2628,996.8004,2638,1000.5934,145,54.9985,,,145,54.9985,-56,-21.2408,103.373768006065,37.18
29395,BK Orange Sud,29/09/2025 00:00:00,05/10/2025 00:00:00,13,Reserve entretien,FGX,ENTRETIEN,ENTRETIEN,G000082,TEST SURFACE SANITIZER - BANDELETTE AMMONIUM,pièce,,,2,10,0,0,2,10,0,0,0,,,,,,,0,0,,,,,0,0,0,0,0,0
29395,BK Orange Sud,29/09/2025 00:00:00,05/10/2025 00:00:00,14,Réserve sèche,LIQUIDE,BOISSON,BOISSON,G000514,THE EARL GREY,pièce,#,#,100,7.65,0,0,100,7.65,0,0,0,,,,,,,0,0,,,,,0,0,0,0,0,0
29395,BK Orange Sud,29/09/2025 00:00:00,05/10/2025 00:00:00,14,Réserve sèche,LIQUIDE,BOISSON,BOISSON,G000171,THE FRUITS ROUGES BK,pièce,#,#,50,3.975,0,0,50,3.975,0,0,0,,,,,,,0,0,,,,,0,0,0,0,0,0
29395,BK Orange Sud,29/09/2025 00:00:00,05/10/2025 00:00:00,14,Réserve sèche,LIQUIDE,BOISSON,BOISSON,G000172,THE VERT MENTHE BK,pièce,#,#,150,10.44,0,0,150,10.44,0,0,0,1,0.0696,,,,,1,0.0696,,,,,0,0,-1,-0.0696,0,0
29395,BK Orange Sud,29/09/2025 00:00:00,05/10/2025 00:00:00,12,Chambre froide positive,SOLIDE,FOOD,INGR SALADE&SANDWICH,G000207,TOMATE FRAIS (57/67),au Kg,#,#,48,74.4,132,212.999952,50.3,81.45582,129.7,1.5878498997687,205.944132,0.949,1.508631943,0.928,1.47124192,81.655,129.679816665,83.532,132.659690528,15.2,23.8760536,,,15.2,23.8760536,30.968,50.1495792,155.269836709285,1.77
29395,BK Orange Sud,29/09/2025 00:00:00,05/10/2025 00:00:00,14,Réserve sèche,SOLIDE,FOOD,INGREDIENT DESSERT,G000587,TOPPING BISCUIT CRUMBLE DIGESTIVE,au Kg,,,4.896,26.9838144,0,0,4.896,26.9838144,0,0,0,,,,,,,0,0,,,,,0,0,0,0,0,0
29395,BK Orange Sud,29/09/2025 00:00:00,05/10/2025 00:00:00,11,Chambre froide négative,SOLIDE,FOOD,INGREDIENT DESSERT,G000789,TOPPING BRISURE DE COOKIES,au Kg,,,1.05,9.339015,0,0,1.05,9.339015,0,0,0,,,,,,,0,0,,,,,0,0,0,0,0,0
29395,BK Orange Sud,29/09/2025 00:00:00,05/10/2025 00:00:00,14,Réserve sèche,SOLIDE,FOOD,INGREDIENT DESSERT,G000976,TOPPING GAUFRETTE CHOCOLAT,au Kg,,,6.512,83.6792,0,0,,,6.51,12.8539477726575,83.6792,,,0.048,0.6168,0.144,1.8504,0.192,2.4672,5.03,64.6355,,,5.03,64.6355,1.288,16.5765,3390.625,0.09
29395,BK Orange Sud,29/09/2025 00:00:00,05/10/2025 00:00:00,14,Réserve sèche,SOLIDE,FOOD,INGREDIENT DESSERT,G000978,TOPPING KIT KAT,au Kg,#,#,6,73.8564,6.4,78.7801984,9.6,118.17024,2.8,12.3094137142857,34.4663584,0.014,0.172331992,0.042,0.516995976,1.834,22.575445102,1.89,23.26477307,,,,,0,0,0.91,11.201554,148.148148148148,0.04
29395,BK Orange Sud,29/09/2025 00:00:00,05/10/2025 00:00:00,14,Réserve sèche,SOLIDE,FOOD,INGREDIENT DESSERT,G000093,TOPPING KIT KAT BK,au Kg,,,,,0,0,,,0,0,0,,,,,0.09,,0.09,0,,,,,0,0,-0.09,0,0,0
29395,BK Orange Sud,29/09/2025 00:00:00,05/10/2025 00:00:00,14,Réserve sèche,SOLIDE,FOOD,INGREDIENT DESSERT,G000434,TOPPING LION,au Kg,#,#,12.6,217.035,0,0,12.6,217.035,0,0,0,0.04,0.689,0.04,0.689,0.67,11.54075,0.75,12.91875,,,,,0,0,-0.75,-12.91875,0,0
29395,BK Orange Sud,29/09/2025 00:00:00,05/10/2025 00:00:00,14,Réserve sèche,SOLIDE,FOOD,INGREDIENT DESSERT,G000678,TOPPING M&MS CACAHUETE,au Kg,#,,,,0,0,1.5,14.934,-1.5,9.956,-14.934,0.115,1.14494,0.008,0.079648,3.277,32.625812,3.4,33.8504,,,,,0,0,-4.9,-48.7844,-44.1176470588235,-0.02
29395,BK Orange Sud,29/09/2025 00:00:00,05/10/2025 00:00:00,12,Chambre froide positive,SOLIDE,FOOD,INGREDIENT DESSERT,G000690,TOPPING NOISETTES CARAMELISEES,au Kg,,,,,9,103.59,8.104,93.27704,0.9,11.4588444444444,10.31296,0.16,1.8416,0.016,0.18416,1.056,12.15456,1.232,14.18032,,,,,0,0,-0.332,-3.86736,73.0519480519481,0.01
29395,BK Orange Sud,29/09/2025 00:00:00,05/10/2025 00:00:00,14,Réserve sèche,SOLIDE,FOOD,INGREDIENT DESSERT,G000111,TOPPING OREO,au Kg,#,#,4.8,48.44016,4.8,48.4401984,7.6,76.69692,2,10.0917192,20.1834384,0.143,1.443112957,0.13,1.311921,1.521,15.3494757,1.794,18.104509657,,,,,0,0,0.206,2.0788902,111.482720178372,0.03
29395,BK Orange Sud,29/09/2025 00:00:00,05/10/2025 00:00:00,14,Réserve sèche,SOLIDE,FOOD,INGREDIENT DESSERT,G000541,TOPPING SNICKERS & CARAMEL,au Kg,,,3.26,36.45984,5,55.92,3.78,42.27552,4.48,11.184,50.10432,0.18,2.01311586,,,2.84,31.76234132,3.02,33.77545718,,,,,0,0,1.46,16.32864,148.344370860927,0.06
29395,BK Orange Sud,29/09/2025 00:00:00,05/10/2025 00:00:00,14,Réserve sèche,SOLIDE,FOOD,INGREDIENT DESSERT,G000930,TOPPING SPECULOOS,au Kg,#,#,5.25,38.071425,0,0,5.25,38.071425,0,0,0,0.084,0.60914196,0.012,0.087019992,1.716,12.4439172,1.812,13.140079152,,,,,0,0,-1.812,-13.1400804,0,0
29395,BK Orange Sud,29/09/2025 00:00:00,05/10/2025 00:00:00,11,Chambre froide négative,SOLIDE,FOOD,INGR SALADE&SANDWICH,G000582,TORTILLA 20CM,pièce,,,612,54.5904,0,0,612,54.5904,0,0,0,,,,,,,0,0,,,,,0,0,0,0,0,0
29395,BK Orange Sud,29/09/2025 00:00:00,05/10/2025 00:00:00,11,Chambre froide négative,SOLIDE,FOOD,INGR SALADE&SANDWICH,G000502,TORTILLA 25CM,pièce,#,#,348,46.7016,480,63.936,372,49.662,456,0.133718421052632,60.9756,12,1.604892,4,0.5368,381,50.960274,397,53.101966,1,0.1342,,,1,0.1342,58,7.743,114.861460957179,6.22
29395,BK Orange Sud,29/09/2025 00:00:00,05/10/2025 00:00:00,14,Réserve sèche,SOLIDE,FOOD,INGR SALADE&SANDWICH,G000177,VINAIGRETTE BALSAMIQUE SALADE,pièce,#,#,136,18.0744,0,0,0,0,136,0.1329,18.0744,,,,,80,10.632,80,10.632,,,,,0,0,56,7.4424,170,1.85
29395,BK Orange Sud,29/09/2025 00:00:00,05/10/2025 00:00:00,14,Réserve sèche,SOLIDE,FOOD,INGR SALADE&SANDWICH,G000088,VPK KETCHUP,au Kg,#,#,45,59.9985,15,19.9995,45,59.9985,15,1.3333,19.9995,0.451,0.601318751,0.155,0.206662895,19.921,26.5606693,20.527,27.368650946,0.312,0.416196768,,,0.312,0.416196768,-5.839,-7.7851387,73.0744872606811,0.2
29395,BK Orange Sud,29/09/2025 00:00:00,05/10/2025 00:00:00,14,Réserve sèche,SOLIDE,FOOD,INGR SALADE&SANDWICH,G000097,VPK MAYONNAISE,au Kg,#,#,26,50.7,42,86.8182,15,30.6285,53,2.01678679245283,106.8897,0.164,0.328281916,0.384,0.766386816,31.867,63.975105722,32.415,65.069774454,0.542,1.082570746,,,0.542,1.082570746,20.043,40.9258017,163.504550362487,0.72
29395,BK Orange Sud,29/09/2025 00:00:00,05/10/2025 00:00:00,14,Réserve sèche,SOLIDE,FOOD,INGR SALADE&SANDWICH,G000104,VPK MOUTARDE,au Kg,#,#,43.5,63.41865,0,0,29,42.2791,14.5,1.4579,21.13955,0.129,0.188069874,0.006,0.008748,4.209,6.136305309,4.344,6.333123183,0.027,0.039399993,,,0.027,0.039399993,10.129,14.7670691,333.793738489871,0.2
29395,BK Orange Sud,29/09/2025 00:00:00,05/10/2025 00:00:00,14,Réserve sèche,FGX,PAPER,EMBALLAGE,G000181,WRAP BIG KING/BIG FISH,pièce,#,#,2000,31.8,0,0,2000,31.8,0,0,0,1,0.0159,6,0.0954,305,4.8495,312,4.9608,4,0.0636,,,4,0.0636,-316,-5.0244,0,0
29395,BK Orange Sud,29/09/2025 00:00:00,05/10/2025 00:00:00,14,Réserve sèche,FGX,PAPER,EMBALLAGE,G000843,WRAP CHICKEN SPICY,pièce,,,3000,60.3,0,0,3000,60.3,0,0,0,,,,,,,0,0,,,,,0,0,0,0,0,0
29395,BK Orange Sud,29/09/2025 00:00:00,05/10/2025 00:00:00,14,Réserve sèche,FGX,PAPER,EMBALLAGE,G000714,WRAP GAMME CHEESE&BACON,pièce,#,#,2000,42.4,0,0,3000,63.6,-1000,0.0212,-21.2,,,,,202,4.2824,202,4.2824,,,,,0,0,-1202,-25.4824,-495.049504950495,-13.63
29395,BK Orange Sud,29/09/2025 00:00:00,05/10/2025 00:00:00,14,Réserve sèche,FGX,PAPER,EMBALLAGE,G000182,WRAP GAMME HAMB/CHEESE,pièce,#,,,,1000,13.8,0,0,1000,0.0138,13.8,43,0.5934,2,0.0276,819,11.3022,864,11.9232,9,0.1242,,,9,0.1242,127,1.7526,115.740740740741,13.63
29395,BK Orange Sud,29/09/2025 00:00:00,05/10/2025 00:00:00,14,Réserve sèche,FGX,PAPER,EMBALLAGE,G000324,WRAP GAMME STEAKHOUSE,pièce,#,#,2000,42.6,0,0,2200,46.86,-200,0.0213,-4.26,4,0.0852,2,0.0426,704,14.9952,710,15.123,5,0.1065,,,5,0.1065,-915,-19.4895,-28.169014084507,-2.73
29395,BK Orange Sud,29/09/2025 00:00:00,05/10/2025 00:00:00,14,Réserve sèche,FGX,PAPER,EMBALLAGE,G000328,WRAP GAMME WHOPPER,pièce,#,#,2000,42.4,0,0,1500,31.8,500,0.0212,10.6,2,0.0424,8,0.1696,504,10.6848,514,10.8968,14,0.2968,,,14,0.2968,-28,-0.5936,97.2762645914397,6.82
29395,BK Orange Sud,29/09/2025 00:00:00,05/10/2025 00:00:00,14,Réserve sèche,FGX,PAPER,EMBALLAGE,G000562,WRAP GENERIQUE GRAND BURGER,pièce,#,#,8000,170.4,0,0,7000,149.1,1000,0.0213,21.3,,,2,0.0426,46,0.9798,48,1.0224,,,,,0,0,952,20.2776,2083.33333333333,13.63
29395,BK Orange Sud,29/09/2025 00:00:00,05/10/2025 00:00:00,14,Réserve sèche,FGX,PAPER,EMBALLAGE,G000728,WRAP GENERIQUE PETIT BURGER,pièce,#,,3000,47.7,0,0,0,0,3000,0.0159,47.7,,,,,,,0,0,,,,,0,0,3000,47.7,0,40.9
29395,BK Orange Sud,29/09/2025 00:00:00,05/10/2025 00:00:00,14,Réserve sèche,FGX,PAPER,EMBALLAGE,G000428,WRAP KING JUNIOR,pièce,#,#,2500,34.25,0,0,3000,41.1,-500,0.0137,-6.85,,,,,67,0.9179,67,0.9179,,,,,0,0,-567,-7.7679,-746.268656716418,-6.82
29395,BK Orange Sud,29/09/2025 00:00:00,05/10/2025 00:00:00,14,Réserve sèche,FGX,PAPER,EMBALLAGE,G000655,WRAP LES MASTERS,pièce,#,#,4000,95.2,0,0,4000,95.2,0,0,0,,,,,188,4.4744,188,4.4744,1,0.0238,,,1,0.0238,-189,-4.4982,0,0
29395,BK Orange Sud,29/09/2025 00:00:00,05/10/2025 00:00:00,14,Réserve sèche,FGX,PAPER,EMBALLAGE,G000980,WRAP LTO BABY BURGERS,pièce,,,1621,22.3698,1000,13.8,1240,17.112,1381,0.0138,19.0578,,,15,0.207,1347,18.5886,1362,18.7956,19,0.2622,,,19,0.2622,0,0,101.395007342144,18.83
29395,BK Orange Sud,29/09/2025 00:00:00,05/10/2025 00:00:00,14,Réserve sèche,FGX,PAPER,EMBALLAGE,G000716,WRAP LTO LES MASTERS,pièce,#,,,,0,0,0,0,0,0,0,,,5,0.119,1262,30.0356,1267,30.1546,5,0.119,,,5,0.119,-1272,-30.2736,0,0
29395,BK Orange Sud,29/09/2025 00:00:00,05/10/2025 00:00:00,14,Réserve sèche,FGX,PAPER,EMBALLAGE,G000993,WRAP LTO LES MASTERS DES REGIONS ,pièce,,,1546,36.7948,0,0,1546,36.7948,0,0,0,,,,,,,0,0,,,,,0,0,0,0,0,0
29395,BK Orange Sud,29/09/2025 00:00:00,05/10/2025 00:00:00,14,Réserve sèche,FGX,PAPER,EMBALLAGE,G000715,WRAP MENU BPC/CRISPY CHICKEN CHEESE,pièce,#,,,,2000,31.8,6000,95.4,-4000,0.0159,-63.6,8,0.1272,26,0.4134,668,10.6212,702,11.1618,14,0.2226,,,14,0.2226,-4716,-74.9844,-569.80056980057,-54.54
29395,BK Orange Sud,29/09/2025 00:00:00,05/10/2025 00:00:00,14,Réserve sèche,FGX,PAPER,EMBALLAGE,G000940,WRAP NINHO,pièce,,,2073,41.6673,0,0,2073,41.6673,0,0,0,,,,,,,0,0,,,,,0,0,0,0,0,0
29395,BK Orange Sud,29/09/2025 00:00:00,05/10/2025 00:00:00,14,Réserve sèche,FGX,PAPER,EMBALLAGE,G000713,WRAP XXL BIG KING/CHICKEN LOUISIANE,pièce,#,#,1000,21.3,2000,42.6,3000,63.9,0,0,0,13,0.2769,7,0.1491,724,15.4212,744,15.8472,1,0.0213,,,1,0.0213,-745,-15.8685,0,0
29395,BK Orange Sud,29/09/2025 00:00:00,05/10/2025 00:00:00,12,Chambre froide positive,SOLIDE,FOOD,DESSERT,G000231,YAOURT A BOIRE ,pièce,#,#,74,15.9692,168,36.2544,64,13.8112,178,0.2158,38.4124,,,,,174,37.5492,174,37.5492,,,,,0,0,4,0.8632,102.298850574713,2.43
